Workbook
Name NativeTimeline_tanggal_pengajuan: #N/A
Name Slicer_non_performing_loan: #N/A

Sheet Data
A1: no_kontrak | B1: tanggal_pengajuan | C1: bulan_pengajuan | D1: nama_debitur | E1: NIK | F1: usia | G1: jenis_kelamin | H1: pekerjaan | I1: penghasilan_bulanan | J1: rasio | K1: kota | L1: provinsi | M1: merk_motor | N1: tipe_motor | O1: segmen_motor | P1: harga_otr | Q1: uang_muka | R1: kategori_dp | S1: persen_dp | T1: tenor_bulan | U1: bunga_flat_pa | V1: cicilan_per_bulan | W1: total_kewajiban | X1: non_performing_loan | Y1: status_pembayaran | Z1: hari_keterlambatan | AA1: jumlah_kali_telat | AB1: kolektibilitas_ojk | AC1: catatan | AD1: Skor_Rasio | AE1: Skor_DP | AF1: Skor_Tenor | AG1: Skor_Telat | AH1: Risk_Score | AI1: Risk_Tier | AJ1: MOB | AK1: MOB_Bucket
A2: KRM00001 | B2: 46176 | C2: =TEXT(B2,"mmmm") -> June | D2: Ayu Susanti | E2: 90842510784931 | F2: 21 | G2: Lakilaki | H2: Karyawan Swasta | I2: 6765000 | J2: =Raw_Data[[#This Row],[cicilan_per_bulan]]/Raw_Data[[#This Row],[penghasilan_bulanan]] -> 0.29600887 | K2: Denpasar | L2: Bali | M2: Honda | N2: Vario 125 | O2: Matic Mid | P2: 24690000 | Q2: 3703000 | R2: =IF(Raw_Data[[#This Row],[persen_dp]]<15%,"Low",IF(Raw_Data[[#This Row],[persen_dp]]>25%,"High","Medium")) -> Medium | S2: 0.15 | T2: 12 | U2: 0.145 | V2: 2002500 | W2: 24030000 | X2: =IF(OR(Raw_Data[[#This Row],[status_pembayaran]]="Macet",Raw_Data[[#This Row],[status_pembayaran]]="Kurang Lancar"),"Non Performing Loan","Performing") -> Performing | Y2: Lancar | Z2: 0 | AA2: 0 | AB2: 1 | AD2: =IF(Raw_Data[[#This Row],[rasio]]<0.2,1,IF(Raw_Data[[#This Row],[rasio]]<0.3,2,IF(Raw_Data[[#This Row],[rasio]]<0.4,3,4))) -> 2 | AE2: =IF(Raw_Data[[#This Row],[kategori_dp]]="High",1,IF(Raw_Data[[#This Row],[kategori_dp]]="Medium",2,3)) -> 2 | AF2: =IF(Raw_Data[[#This Row],[tenor_bulan]]<=24,1,IF(Raw_Data[[#This Row],[tenor_bulan]]<=36,2,IF(Raw_Data[[#This Row],[tenor_bulan]]<=48,3,4))) -> 1 | AG2: =IF(Raw_Data[[#This Row],[jumlah_kali_telat]]=0,0,IF(Raw_Data[[#This Row],[jumlah_kali_telat]]<=2,2,4)) -> 0 | AH2: =Raw_Data[[#This Row],[Skor_Rasio]]+Raw_Data[[#This Row],[Skor_DP]]+Raw_Data[[#This Row],[Skor_Tenor]]+Raw_Data[[#This Row],[Skor_Telat]] -> 5 | AI2: =IF(Raw_Data[[#This Row],[Risk_Score]]<=6,"Low Risk",IF(Raw_Data[[#This Row],[Risk_Score]]<=8,"Medium Risk","High Risk")) -> Low Risk | AJ2: =IFERROR(DATEDIF(Raw_Data[[#This Row],[tanggal_pengajuan]],TODAY(),"m"),"N/A") -> 4 | AK2: =IF(ISNUMBER(Raw_Data[[#This Row],[MOB]]),IF(Raw_Data[[#This Row],[MOB]]<6,"0-5 bulan",IF(Raw_Data[[#This Row],[MOB]]<12,"6-11 bulan",IF(Raw_Data[[#This Row],[MOB]]<24,"12-23 bulan","24+ bulan"))),"N/A") -> 0-5 bulan
A3: KRM00002 | B3: 46103 | C3: =TEXT(B3,"mmmm") -> March | D3: Putri Utami | E3: 96952212822250 | F3: 42 | G3: Perempuan | H3: Wiraswasta | I3: 3632000 | J3: =Raw_Data[[#This Row],[cicilan_per_bulan]]/Raw_Data[[#This Row],[penghasilan_bulanan]] -> 0.11002203 | K3: Palembang | L3: Sumatera Selatan | M3: Yamaha | N3: Mio M3 | O3: Matic Entry | P3: 18533000 | Q3: 4633000 | R3: =IF(Raw_Data[[#This Row],[persen_dp]]<15%,"Low",IF(Raw_Data[[#This Row],[persen_dp]]>25%,"High","Medium")) -> Medium | S3: 0.25 | T3: 60 | U3: 0.145 | V3: 399600 | W3: 23977000 | X3: =IF(OR(Raw_Data[[#This Row],[status_pembayaran]]="Macet",Raw_Data[[#This Row],[status_pembayaran]]="Kurang Lancar"),"Non Performing Loan","Performing") -> Performing | Y3: Lancar | Z3: 0 | AA3: 0 | AB3: 1 | AC3: data kurang | AD3: =IF(Raw_Data[[#This Row],[rasio]]<0.2,1,IF(Raw_Data[[#This Row],[rasio]]<0.3,2,IF(Raw_Data[[#This Row],[rasio]]<0.4,3,4))) -> 1 | AE3: =IF(Raw_Data[[#This Row],[kategori_dp]]="High",1,IF(Raw_Data[[#This Row],[kategori_dp]]="Medium",2,3)) -> 2 | AF3: =IF(Raw_Data[[#This Row],[tenor_bulan]]<=24,1,IF(Raw_Data[[#This Row],[tenor_bulan]]<=36,2,IF(Raw_Data[[#This Row],[tenor_bulan]]<=48,3,4))) -> 4 | AG3: =IF(Raw_Data[[#This Row],[jumlah_kali_telat]]=0,0,IF(Raw_Data[[#This Row],[jumlah_kali_telat]]<=2,2,4)) -> 0 | AH3: =Raw_Data[[#This Row],[Skor_Rasio]]+Raw_Data[[#This Row],[Skor_DP]]+Raw_Data[[#This Row],[Skor_Tenor]]+Raw_Data[[#This Row],[Skor_Telat]] -> 7 | AI3: =IF(Raw_Data[[#This Row],[Risk_Score]]<=6,"Low Risk",IF(Raw_Data[[#This Row],[Risk_Score]]<=8,"Medium Risk","High Risk")) -> Medium Risk | AJ3: =IFERROR(DATEDIF(Raw_Data[[#This Row],[tanggal_pengajuan]],TODAY(),"m"),"N/A") -> 7 | AK3: =IF(ISNUMBER(Raw_Data[[#This Row],[MOB]]),IF(Raw_Data[[#This Row],[MOB]]<6,"0-5 bulan",IF(Raw_Data[[#This Row],[MOB]]<12,"6-11 bulan",IF(Raw_Data[[#This Row],[MOB]]<24,"12-23 bulan","24+ bulan"))),"N/A") -> 6-11 bulan
A4: KRM00003 | B4: 46116 | C4: =TEXT(B4,"mmmm") -> April | D4: Reza Cahyono | E4: 76422502779296 | F4: 52 | G4: Perempuan | H4: Ibu Rumah Tangga | I4: 2118000 | J4: =Raw_Data[[#This Row],[cicilan_per_bulan]]/Raw_Data[[#This Row],[penghasilan_bulanan]] -> 0.2983475 | K4: Pekanbaru | L4: Riau | M4: Yamaha | N4: Lexi LX 155 | O4: Matic Mid | P4: 27476000 | Q4: 5495000 | R4: =IF(Raw_Data[[#This Row],[persen_dp]]<15%,"Low",IF(Raw_Data[[#This Row],[persen_dp]]>25%,"High","Medium")) -> Medium | S4: 0.2 | T4: 60 | U4: 0.145 | V4: 631900 | W4: 37917000 | X4: =IF(OR(Raw_Data[[#This Row],[status_pembayaran]]="Macet",Raw_Data[[#This Row],[status_pembayaran]]="Kurang Lancar"),"Non Performing Loan","Performing") -> Performing | Y4: Lancar | Z4: 0 | AA4: 0 | AB4: 1 | AC4: ok | AD4: =IF(Raw_Data[[#This Row],[rasio]]<0.2,1,IF(Raw_Data[[#This Row],[rasio]]<0.3,2,IF(Raw_Data[[#This Row],[rasio]]<0.4,3,4))) -> 2 | AE4: =IF(Raw_Data[[#This Row],[kategori_dp]]="High",1,IF(Raw_Data[[#This Row],[kategori_dp]]="Medium",2,3)) -> 2 | AF4: =IF(Raw_Data[[#This Row],[tenor_bulan]]<=24,1,IF(Raw_Data[[#This Row],[tenor_bulan]]<=36,2,IF(Raw_Data[[#This Row],[tenor_bulan]]<=48,3,4))) -> 4 | AG4: =IF(Raw_Data[[#This Row],[jumlah_kali_telat]]=0,0,IF(Raw_Data[[#This Row],[jumlah_kali_telat]]<=2,2,4)) -> 0 | AH4: =Raw_Data[[#This Row],[Skor_Rasio]]+Raw_Data[[#This Row],[Skor_DP]]+Raw_Data[[#This Row],[Skor_Tenor]]+Raw_Data[[#This Row],[Skor_Telat]] -> 8 | AI4: =IF(Raw_Data[[#This Row],[Risk_Score]]<=6,"Low Risk",IF(Raw_Data[[#This Row],[Risk_Score]]<=8,"Medium Risk","High Risk")) -> Medium Risk | AJ4: =IFERROR(DATEDIF(Raw_Data[[#This Row],[tanggal_pengajuan]],TODAY(),"m"),"N/A") -> 6 | AK4: =IF(ISNUMBER(Raw_Data[[#This Row],[MOB]]),IF(Raw_Data[[#This Row],[MOB]]<6,"0-5 bulan",IF(Raw_Data[[#This Row],[MOB]]<12,"6-11 bulan",IF(Raw_Data[[#This Row],[MOB]]<24,"12-23 bulan","24+ bulan"))),"N/A") -> 6-11 bulan
A5: KRM00004 | B5: 46080 | C5: =TEXT(B5,"mmmm") -> February | D5: Wahyu Nugroho | E5: 85921312898035 | F5: 51 | G5: Perempuan | H5: Karyawan Swasta | I5: 6295000 | J5: =Raw_Data[[#This Row],[cicilan_per_bulan]]/Raw_Data[[#This Row],[penghasilan_bulanan]] -> 0.22710087 | K5: Makassar | L5: Sulawesi Selatan | M5: Suzuki | N5: Address | O5: Matic Mid | P5: 21404000 | Q5: 6421000 | R5: =IF(Raw_Data[[#This Row],[persen_dp]]<15%,"Low",IF(Raw_Data[[#This Row],[persen_dp]]>25%,"High","Medium")) -> High | S5: 0.3 | T5: 12 | U5: 0.145 | V5: 1429600 | W5: 17156000 | X5: =IF(OR(Raw_Data[[#This Row],[status_pembayaran]]="Macet",Raw_Data[[#This Row],[status_pembayaran]]="Kurang Lancar"),"Non Performing Loan","Performing") -> Performing | Y5: Lancar | Z5: 0 | AA5: 0 | AB5: 1 | AC5: verifikasi | AD5: =IF(Raw_Data[[#This Row],[rasio]]<0.2,1,IF(Raw_Data[[#This Row],[rasio]]<0.3,2,IF(Raw_Data[[#This Row],[rasio]]<0.4,3,4))) -> 2 | AE5: =IF(Raw_Data[[#This Row],[kategori_dp]]="High",1,IF(Raw_Data[[#This Row],[kategori_dp]]="Medium",2,3)) -> 1 | AF5: =IF(Raw_Data[[#This Row],[tenor_bulan]]<=24,1,IF(Raw_Data[[#This Row],[tenor_bulan]]<=36,2,IF(Raw_Data[[#This Row],[tenor_bulan]]<=48,3,4))) -> 1 | AG5: =IF(Raw_Data[[#This Row],[jumlah_kali_telat]]=0,0,IF(Raw_Data[[#This Row],[jumlah_kali_telat]]<=2,2,4)) -> 0 | AH5: =Raw_Data[[#This Row],[Skor_Rasio]]+Raw_Data[[#This Row],[Skor_DP]]+Raw_Data[[#This Row],[Skor_Tenor]]+Raw_Data[[#This Row],[Skor_Telat]] -> 4 | AI5: =IF(Raw_Data[[#This Row],[Risk_Score]]<=6,"Low Risk",IF(Raw_Data[[#This Row],[Risk_Score]]<=8,"Medium Risk","High Risk")) -> Low Risk | AJ5: =IFERROR(DATEDIF(Raw_Data[[#This Row],[tanggal_pengajuan]],TODAY(),"m"),"N/A") -> 7 | AK5: =IF(ISNUMBER(Raw_Data[[#This Row],[MOB]]),IF(Raw_Data[[#This Row],[MOB]]<6,"0-5 bulan",IF(Raw_Data[[#This Row],[MOB]]<12,"6-11 bulan",IF(Raw_Data[[#This Row],[MOB]]<24,"12-23 bulan","24+ bulan"))),"N/A") -> 6-11 bulan
A6: KRM00005 | B6: 46087 | C6: =TEXT(B6,"mmmm") -> March | D6: Fajar Susanti | E6: 96512612807585 | F6: 48 | G6: Perempuan | H6: Wiraswasta | I6: 11254000 | J6: =Raw_Data[[#This Row],[cicilan_per_bulan]]/Raw_Data[[#This Row],[penghasilan_bulanan]] -> 0.045237249 | K6: Palembang | L6: Sumatera Selatan | M6: Honda | N6: Vario 125 | O6: Matic Mid | P6: 25299000 | Q6: 7590000 | R6: =IF(Raw_Data[[#This Row],[persen_dp]]<15%,"Low",IF(Raw_Data[[#This Row],[persen_dp]]>25%,"High","Medium")) -> High | S6: 0.3 | T6: 60 | U6: 0.145 | V6: 509100 | W6: 30549000 | X6: =IF(OR(Raw_Data[[#This Row],[status_pembayaran]]="Macet",Raw_Data[[#This Row],[status_pembayaran]]="Kurang Lancar"),"Non Performing Loan","Performing") -> Performing | Y6: Lancar | Z6: 0 | AA6: 0 | AB6: 1 | AC6: data kurang | AD6: =IF(Raw_Data[[#This Row],[rasio]]<0.2,1,IF(Raw_Data[[#This Row],[rasio]]<0.3,2,IF(Raw_Data[[#This Row],[rasio]]<0.4,3,4))) -> 1 | AE6: =IF(Raw_Data[[#This Row],[kategori_dp]]="High",1,IF(Raw_Data[[#This Row],[kategori_dp]]="Medium",2,3)) -> 1 | AF6: =IF(Raw_Data[[#This Row],[tenor_bulan]]<=24,1,IF(Raw_Data[[#This Row],[tenor_bulan]]<=36,2,IF(Raw_Data[[#This Row],[tenor_bulan]]<=48,3,4))) -> 4 | AG6: =IF(Raw_Data[[#This Row],[jumlah_kali_telat]]=0,0,IF(Raw_Data[[#This Row],[jumlah_kali_telat]]<=2,2,4)) -> 0 | AH6: =Raw_Data[[#This Row],[Skor_Rasio]]+Raw_Data[[#This Row],[Skor_DP]]+Raw_Data[[#This Row],[Skor_Tenor]]+Raw_Data[[#This Row],[Skor_Telat]] -> 6 | AI6: =IF(Raw_Data[[#This Row],[Risk_Score]]<=6,"Low Risk",IF(Raw_Data[[#This Row],[Risk_Score]]<=8,"Medium Risk","High Risk")) -> Low Risk | AJ6: =IFERROR(DATEDIF(Raw_Data[[#This Row],[tanggal_pengajuan]],TODAY(),"m"),"N/A") -> 7 | AK6: =IF(ISNUMBER(Raw_Data[[#This Row],[MOB]]),IF(Raw_Data[[#This Row],[MOB]]<6,"0-5 bulan",IF(Raw_Data[[#This Row],[MOB]]<12,"6-11 bulan",IF(Raw_Data[[#This Row],[MOB]]<24,"12-23 bulan","24+ bulan"))),"N/A") -> 6-11 bulan
A7: KRM00006 | B7: 46085 | C7: =TEXT(B7,"mmmm") -> March | D7: Bagus Wibowo | E7: 72882507851550 | F7: 39 | G7: Perempuan | H7: Ibu Rumah Tangga | I7: 3421000 | J7: =Raw_Data[[#This Row],[cicilan_per_bulan]]/Raw_Data[[#This Row],[penghasilan_bulanan]] -> 0.12984507 | K7: Banjarmasin | L7: Kalimantan Selatan | M7: Honda | N7: Beat Street | O7: Matic Entry | P7: 17994000 | Q7: 4499000 | R7: =IF(Raw_Data[[#This Row],[persen_dp]]<15%,"Low",IF(Raw_Data[[#This Row],[persen_dp]]>25%,"High","Medium")) -> Medium | S7: 0.25 | T7: 48 | U7: 0.145 | V7: 444200 | W7: 21322000 | X7: =IF(OR(Raw_Data[[#This Row],[status_pembayaran]]="Macet",Raw_Data[[#This Row],[status_pembayaran]]="Kurang Lancar"),"Non Performing Loan","Performing") -> Performing | Y7: Lancar | Z7: 0 | AA7: 0 | AB7: 1 | AD7: =IF(Raw_Data[[#This Row],[rasio]]<0.2,1,IF(Raw_Data[[#This Row],[rasio]]<0.3,2,IF(Raw_Data[[#This Row],[rasio]]<0.4,3,4))) -> 1 | AE7: =IF(Raw_Data[[#This Row],[kategori_dp]]="High",1,IF(Raw_Data[[#This Row],[kategori_dp]]="Medium",2,3)) -> 2 | AF7: =IF(Raw_Data[[#This Row],[tenor_bulan]]<=24,1,IF(Raw_Data[[#This Row],[tenor_bulan]]<=36,2,IF(Raw_Data[[#This Row],[tenor_bulan]]<=48,3,4))) -> 3 | AG7: =IF(Raw_Data[[#This Row],[jumlah_kali_telat]]=0,0,IF(Raw_Data[[#This Row],[jumlah_kali_telat]]<=2,2,4)) -> 0 | AH7: =Raw_Data[[#This Row],[Skor_Rasio]]+Raw_Data[[#This Row],[Skor_DP]]+Raw_Data[[#This Row],[Skor_Tenor]]+Raw_Data[[#This Row],[Skor_Telat]] -> 6 | AI7: =IF(Raw_Data[[#This Row],[Risk_Score]]<=6,"Low Risk",IF(Raw_Data[[#This Row],[Risk_Score]]<=8,"Medium Risk","High Risk")) -> Low Risk | AJ7: =IFERROR(DATEDIF(Raw_Data[[#This Row],[tanggal_pengajuan]],TODAY(),"m"),"N/A") -> 7 | AK7: =IF(ISNUMBER(Raw_Data[[#This Row],[MOB]]),IF(Raw_Data[[#This Row],[MOB]]<6,"0-5 bulan",IF(Raw_Data[[#This Row],[MOB]]<12,"6-11 bulan",IF(Raw_Data[[#This Row],[MOB]]<24,"12-23 bulan","24+ bulan"))),"N/A") -> 6-11 bulan
A8: KRM00007 | B8: 46145 | C8: =TEXT(B8,"mmmm") -> May | D8: Reza Saputra | E8: 61321304977738 | F8: 30 | G8: Lakilaki | H8: Karyawan Swasta | I8: 5406000 | J8: =Raw_Data[[#This Row],[cicilan_per_bulan]]/Raw_Data[[#This Row],[penghasilan_bulanan]] -> 0.26934887 | K8: Denpasar | L8: Bali | M8: Yamaha | N8: Lexi LX 155 | O8: Matic Mid | P8: 28704000 | Q8: 7176000 | R8: =IF(Raw_Data[[#This Row],[persen_dp]]<15%,"Low",IF(Raw_Data[[#This Row],[persen_dp]]>25%,"High","Medium")) -> Medium | S8: 0.25 | T8: 18 | U8: 0.145 | V8: 1456100 | W8: 26210000 | X8: =IF(OR(Raw_Data[[#This Row],[status_pembayaran]]="Macet",Raw_Data[[#This Row],[status_pembayaran]]="Kurang Lancar"),"Non Performing Loan","Performing") -> Performing | Y8: Lancar | Z8: 0 | AA8: 0 | AB8: 1 | AD8: =IF(Raw_Data[[#This Row],[rasio]]<0.2,1,IF(Raw_Data[[#This Row],[rasio]]<0.3,2,IF(Raw_Data[[#This Row],[rasio]]<0.4,3,4))) -> 2 | AE8: =IF(Raw_Data[[#This Row],[kategori_dp]]="High",1,IF(Raw_Data[[#This Row],[kategori_dp]]="Medium",2,3)) -> 2 | AF8: =IF(Raw_Data[[#This Row],[tenor_bulan]]<=24,1,IF(Raw_Data[[#This Row],[tenor_bulan]]<=36,2,IF(Raw_Data[[#This Row],[tenor_bulan]]<=48,3,4))) -> 1 | AG8: =IF(Raw_Data[[#This Row],[jumlah_kali_telat]]=0,0,IF(Raw_Data[[#This Row],[jumlah_kali_telat]]<=2,2,4)) -> 0 | AH8: =Raw_Data[[#This Row],[Skor_Rasio]]+Raw_Data[[#This Row],[Skor_DP]]+Raw_Data[[#This Row],[Skor_Tenor]]+Raw_Data[[#This Row],[Skor_Telat]] -> 5 | AI8: =IF(Raw_Data[[#This Row],[Risk_Score]]<=6,"Low Risk",IF(Raw_Data[[#This Row],[Risk_Score]]<=8,"Medium Risk","High Risk")) -> Low Risk | AJ8: =IFERROR(DATEDIF(Raw_Data[[#This Row],[tanggal_pengajuan]],TODAY(),"m"),"N/A") -> 5 | AK8: =IF(ISNUMBER(Raw_Data[[#This Row],[MOB]]),IF(Raw_Data[[#This Row],[MOB]]<6,"0-5 bulan",IF(Raw_Data[[#This Row],[MOB]]<12,"6-11 bulan",IF(Raw_Data[[#This Row],[MOB]]<24,"12-23 bulan","24+ bulan"))),"N/A") -> 0-5 bulan
A9: KRM00008 | B9: 46073 | C9: =TEXT(B9,"mmmm") -> February | D9: Tri Susanti | E9: 52992103506135 | F9: 58 | G9: Perempuan | H9: Freelancer | I9: 7661000 | J9: =Raw_Data[[#This Row],[cicilan_per_bulan]]/Raw_Data[[#This Row],[penghasilan_bulanan]] -> 0.16227647 | K9: Balikpapan | L9: Kalimantan Timur | M9: Honda | N9: Beat Street | O9: Matic Entry | P9: 18613000 | Q9: 5584000 | R9: =IF(Raw_Data[[#This Row],[persen_dp]]<15%,"Low",IF(Raw_Data[[#This Row],[persen_dp]]>25%,"High","Medium")) -> High | S9: 0.3 | T9: 12 | U9: 0.145 | V9: 1243200 | W9: 14918000 | X9: =IF(OR(Raw_Data[[#This Row],[status_pembayaran]]="Macet",Raw_Data[[#This Row],[status_pembayaran]]="Kurang Lancar"),"Non Performing Loan","Performing") -> Performing | Y9: Lancar | Z9: 0 | AA9: 0 | AB9: 1 | AD9: =IF(Raw_Data[[#This Row],[rasio]]<0.2,1,IF(Raw_Data[[#This Row],[rasio]]<0.3,2,IF(Raw_Data[[#This Row],[rasio]]<0.4,3,4))) -> 1 | AE9: =IF(Raw_Data[[#This Row],[kategori_dp]]="High",1,IF(Raw_Data[[#This Row],[kategori_dp]]="Medium",2,3)) -> 1 | AF9: =IF(Raw_Data[[#This Row],[tenor_bulan]]<=24,1,IF(Raw_Data[[#This Row],[tenor_bulan]]<=36,2,IF(Raw_Data[[#This Row],[tenor_bulan]]<=48,3,4))) -> 1 | AG9: =IF(Raw_Data[[#This Row],[jumlah_kali_telat]]=0,0,IF(Raw_Data[[#This Row],[jumlah_kali_telat]]<=2,2,4)) -> 0 | AH9: =Raw_Data[[#This Row],[Skor_Rasio]]+Raw_Data[[#This Row],[Skor_DP]]+Raw_Data[[#This Row],[Skor_Tenor]]+Raw_Data[[#This Row],[Skor_Telat]] -> 3 | AI9: =IF(Raw_Data[[#This Row],[Risk_Score]]<=6,"Low Risk",IF(Raw_Data[[#This Row],[Risk_Score]]<=8,"Medium Risk","High Risk")) -> Low Risk | AJ9: =IFERROR(DATEDIF(Raw_Data[[#This Row],[tanggal_pengajuan]],TODAY(),"m"),"N/A") -> 8 | AK9: =IF(ISNUMBER(Raw_Data[[#This Row],[MOB]]),IF(Raw_Data[[#This Row],[MOB]]<6,"0-5 bulan",IF(Raw_Data[[#This Row],[MOB]]<12,"6-11 bulan",IF(Raw_Data[[#This Row],[MOB]]<24,"12-23 bulan","24+ bulan"))),"N/A") -> 6-11 bulan
A10: KRM00009 | B10: 46152 | C10: =TEXT(B10,"mmmm") -> May | D10: Ahmad Pratama | E10: 95172805827750 | F10: 45 | G10: Lakilaki | H10: Tni/Polri | I10: 4894000 | J10: =Raw_Data[[#This Row],[cicilan_per_bulan]]/Raw_Data[[#This Row],[penghasilan_bulanan]] -> 0.071250511 | K10: Pekanbaru | L10: Riau | M10: Suzuki | N10: Nex II | O10: Matic Entry | P10: 16299000 | Q10: 5705000 | R10: =IF(Raw_Data[[#This Row],[persen_dp]]<15%,"Low",IF(Raw_Data[[#This Row],[persen_dp]]>25%,"High","Medium")) -> High | S10: 0.35 | T10: 48 | U10: 0.145 | V10: 348700 | W10: 16739000 | X10: =IF(OR(Raw_Data[[#This Row],[status_pembayaran]]="Macet",Raw_Data[[#This Row],[status_pembayaran]]="Kurang Lancar"),"Non Performing Loan","Performing") -> Performing | Y10: Lancar | Z10: 0 | AA10: 0 | AB10: 1 | AC10: ok | AD10: =IF(Raw_Data[[#This Row],[rasio]]<0.2,1,IF(Raw_Data[[#This Row],[rasio]]<0.3,2,IF(Raw_Data[[#This Row],[rasio]]<0.4,3,4))) -> 1 | AE10: =IF(Raw_Data[[#This Row],[kategori_dp]]="High",1,IF(Raw_Data[[#This Row],[kategori_dp]]="Medium",2,3)) -> 1 | AF10: =IF(Raw_Data[[#This Row],[tenor_bulan]]<=24,1,IF(Raw_Data[[#This Row],[tenor_bulan]]<=36,2,IF(Raw_Data[[#This Row],[tenor_bulan]]<=48,3,4))) -> 3 | AG10: =IF(Raw_Data[[#This Row],[jumlah_kali_telat]]=0,0,IF(Raw_Data[[#This Row],[jumlah_kali_telat]]<=2,2,4)) -> 0 | AH10: =Raw_Data[[#This Row],[Skor_Rasio]]+Raw_Data[[#This Row],[Skor_DP]]+Raw_Data[[#This Row],[Skor_Tenor]]+Raw_Data[[#This Row],[Skor_Telat]] -> 5 | AI10: =IF(Raw_Data[[#This Row],[Risk_Score]]<=6,"Low Risk",IF(Raw_Data[[#This Row],[Risk_Score]]<=8,"Medium Risk","High Risk")) -> Low Risk | AJ10: =IFERROR(DATEDIF(Raw_Data[[#This Row],[tanggal_pengajuan]],TODAY(),"m"),"N/A") -> 5 | AK10: =IF(ISNUMBER(Raw_Data[[#This Row],[MOB]]),IF(Raw_Data[[#This Row],[MOB]]<6,"0-5 bulan",IF(Raw_Data[[#This Row],[MOB]]<12,"6-11 bulan",IF(Raw_Data[[#This Row],[MOB]]<24,"12-23 bulan","24+ bulan"))),"N/A") -> 0-5 bulan
A11: KRM00010 | B11: 46111 | C11: =TEXT(B11,"mmmm") -> March | D11: Budi Santoso | E11: 72812506935975 | F11: 49 | G11: Lakilaki | H11: Driver Online | I11: 4753000 | J11: =Raw_Data[[#This Row],[cicilan_per_bulan]]/Raw_Data[[#This Row],[penghasilan_bulanan]] -> 0.23324216 | K11: Yogyakarta | L11: DIY | M11: Honda | N11: Beat Street | O11: Matic Entry | P11: 19364000 | Q11: 7746000 | R11: =IF(Raw_Data[[#This Row],[persen_dp]]<15%,"Low",IF(Raw_Data[[#This Row],[persen_dp]]>25%,"High","Medium")) -> High | S11: 0.4 | T11: 12 | U11: 0.145 | V11: 1108600 | W11: 13303000 | X11: =IF(OR(Raw_Data[[#This Row],[status_pembayaran]]="Macet",Raw_Data[[#This Row],[status_pembayaran]]="Kurang Lancar"),"Non Performing Loan","Performing") -> Performing | Y11: Lancar | Z11: 0 | AA11: 0 | AB11: 1 | AC11: approved | AD11: =IF(Raw_Data[[#This Row],[rasio]]<0.2,1,IF(Raw_Data[[#This Row],[rasio]]<0.3,2,IF(Raw_Data[[#This Row],[rasio]]<0.4,3,4))) -> 2 | AE11: =IF(Raw_Data[[#This Row],[kategori_dp]]="High",1,IF(Raw_Data[[#This Row],[kategori_dp]]="Medium",2,3)) -> 1 | AF11: =IF(Raw_Data[[#This Row],[tenor_bulan]]<=24,1,IF(Raw_Data[[#This Row],[tenor_bulan]]<=36,2,IF(Raw_Data[[#This Row],[tenor_bulan]]<=48,3,4))) -> 1 | AG11: =IF(Raw_Data[[#This Row],[jumlah_kali_telat]]=0,0,IF(Raw_Data[[#This Row],[jumlah_kali_telat]]<=2,2,4)) -> 0 | AH11: =Raw_Data[[#This Row],[Skor_Rasio]]+Raw_Data[[#This Row],[Skor_DP]]+Raw_Data[[#This Row],[Skor_Tenor]]+Raw_Data[[#This Row],[Skor_Telat]] -> 4 | AI11: =IF(Raw_Data[[#This Row],[Risk_Score]]<=6,"Low Risk",IF(Raw_Data[[#This Row],[Risk_Score]]<=8,"Medium Risk","High Risk")) -> Low Risk | AJ11: =IFERROR(DATEDIF(Raw_Data[[#This Row],[tanggal_pengajuan]],TODAY(),"m"),"N/A") -> 6 | AK11: =IF(ISNUMBER(Raw_Data[[#This Row],[MOB]]),IF(Raw_Data[[#This Row],[MOB]]<6,"0-5 bulan",IF(Raw_Data[[#This Row],[MOB]]<12,"6-11 bulan",IF(Raw_Data[[#This Row],[MOB]]<24,"12-23 bulan","24+ bulan"))),"N/A") -> 6-11 bulan
A12: KRM00011 | B12: 46134 | C12: =TEXT(B12,"mmmm") -> April | D12: Maya Anggraini | E12: 89231209751559 | F12: 33 | G12: Lakilaki | H12: Pns | I12: 4462000 | J12: =Raw_Data[[#This Row],[cicilan_per_bulan]]/Raw_Data[[#This Row],[penghasilan_bulanan]] -> 0.1783281 | K12: Depok | L12: Jawa Barat | M12: Yamaha | N12: Lexi LX 155 | O12: Matic Mid | P12: 28440000 | Q12: 4266000 | R12: =IF(Raw_Data[[#This Row],[persen_dp]]<15%,"Low",IF(Raw_Data[[#This Row],[persen_dp]]>25%,"High","Medium")) -> Medium | S12: 0.15 | T12: 48 | U12: 0.145 | V12: 795700 | W12: 38196000 | X12: =IF(OR(Raw_Data[[#This Row],[status_pembayaran]]="Macet",Raw_Data[[#This Row],[status_pembayaran]]="Kurang Lancar"),"Non Performing Loan","Performing") -> Performing | Y12: Lancar | Z12: 0 | AA12: 0 | AB12: 1 | AD12: =IF(Raw_Data[[#This Row],[rasio]]<0.2,1,IF(Raw_Data[[#This Row],[rasio]]<0.3,2,IF(Raw_Data[[#This Row],[rasio]]<0.4,3,4))) -> 1 | AE12: =IF(Raw_Data[[#This Row],[kategori_dp]]="High",1,IF(Raw_Data[[#This Row],[kategori_dp]]="Medium",2,3)) -> 2 | AF12: =IF(Raw_Data[[#This Row],[tenor_bulan]]<=24,1,IF(Raw_Data[[#This Row],[tenor_bulan]]<=36,2,IF(Raw_Data[[#This Row],[tenor_bulan]]<=48,3,4))) -> 3 | AG12: =IF(Raw_Data[[#This Row],[jumlah_kali_telat]]=0,0,IF(Raw_Data[[#This Row],[jumlah_kali_telat]]<=2,2,4)) -> 0 | AH12: =Raw_Data[[#This Row],[Skor_Rasio]]+Raw_Data[[#This Row],[Skor_DP]]+Raw_Data[[#This Row],[Skor_Tenor]]+Raw_Data[[#This Row],[Skor_Telat]] -> 6 | AI12: =IF(Raw_Data[[#This Row],[Risk_Score]]<=6,"Low Risk",IF(Raw_Data[[#This Row],[Risk_Score]]<=8,"Medium Risk","High Risk")) -> Low Risk | AJ12: =IFERROR(DATEDIF(Raw_Data[[#This Row],[tanggal_pengajuan]],TODAY(),"m"),"N/A") -> 6 | AK12: =IF(ISNUMBER(Raw_Data[[#This Row],[MOB]]),IF(Raw_Data[[#This Row],[MOB]]<6,"0-5 bulan",IF(Raw_Data[[#This Row],[MOB]]<12,"6-11 bulan",IF(Raw_Data[[#This Row],[MOB]]<24,"12-23 bulan","24+ bulan"))),"N/A") -> 6-11 bulan
A13: KRM00012 | B13: 46056 | C13: =TEXT(B13,"mmmm") -> February | D13: Reza Nugroho | E13: 42281511617389 | F13: 38 | G13: Perempuan | H13: Wiraswasta | I13: 9064000 | J13: =Raw_Data[[#This Row],[cicilan_per_bulan]]/Raw_Data[[#This Row],[penghasilan_bulanan]] -> 0.083086937 | K13: Tangerang | L13: Banten | M13: Yamaha | N13: Lexi LX 155 | O13: Matic Mid | P13: 29105000 | Q13: 2910000 | R13: =IF(Raw_Data[[#This Row],[persen_dp]]<15%,"Low",IF(Raw_Data[[#This Row],[persen_dp]]>25%,"High","Medium")) -> Low | S13: 0.1 | T13: 60 | U13: 0.145 | V13: 753100 | W13: 45186000 | X13: =IF(OR(Raw_Data[[#This Row],[status_pembayaran]]="Macet",Raw_Data[[#This Row],[status_pembayaran]]="Kurang Lancar"),"Non Performing Loan","Performing") -> Performing | Y13: Lancar | Z13: 0 | AA13: 0 | AB13: 1 | AD13: =IF(Raw_Data[[#This Row],[rasio]]<0.2,1,IF(Raw_Data[[#This Row],[rasio]]<0.3,2,IF(Raw_Data[[#This Row],[rasio]]<0.4,3,4))) -> 1 | AE13: =IF(Raw_Data[[#This Row],[kategori_dp]]="High",1,IF(Raw_Data[[#This Row],[kategori_dp]]="Medium",2,3)) -> 3 | AF13: =IF(Raw_Data[[#This Row],[tenor_bulan]]<=24,1,IF(Raw_Data[[#This Row],[tenor_bulan]]<=36,2,IF(Raw_Data[[#This Row],[tenor_bulan]]<=48,3,4))) -> 4 | AG13: =IF(Raw_Data[[#This Row],[jumlah_kali_telat]]=0,0,IF(Raw_Data[[#This Row],[jumlah_kali_telat]]<=2,2,4)) -> 0 | AH13: =Raw_Data[[#This Row],[Skor_Rasio]]+Raw_Data[[#This Row],[Skor_DP]]+Raw_Data[[#This Row],[Skor_Tenor]]+Raw_Data[[#This Row],[Skor_Telat]] -> 8 | AI13: =IF(Raw_Data[[#This Row],[Risk_Score]]<=6,"Low Risk",IF(Raw_Data[[#This Row],[Risk_Score]]<=8,"Medium Risk","High Risk")) -> Medium Risk | AJ13: =IFERROR(DATEDIF(Raw_Data[[#This Row],[tanggal_pengajuan]],TODAY(),"m"),"N/A") -> 8 | AK13: =IF(ISNUMBER(Raw_Data[[#This Row],[MOB]]),IF(Raw_Data[[#This Row],[MOB]]<6,"0-5 bulan",IF(Raw_Data[[#This Row],[MOB]]<12,"6-11 bulan",IF(Raw_Data[[#This Row],[MOB]]<24,"12-23 bulan","24+ bulan"))),"N/A") -> 6-11 bulan
A14: KRM00013 | B14: 46129 | C14: =TEXT(B14,"mmmm") -> April | D14: Fitriani Saputra | E14: 67421309835486 | F14: 27 | G14: Lakilaki | H14: Pns | I14: 4524000 | J14: =Raw_Data[[#This Row],[cicilan_per_bulan]]/Raw_Data[[#This Row],[penghasilan_bulanan]] -> 0.23328912 | K14: Semarang | L14: Jawa Tengah | M14: Yamaha | N14: NMAX 155 | O14: Matic Premium | P14: 35301000 | Q14: 8825000 | R14: =IF(Raw_Data[[#This Row],[persen_dp]]<15%,"Low",IF(Raw_Data[[#This Row],[persen_dp]]>25%,"High","Medium")) -> Medium | S14: 0.25 | T14: 36 | U14: 0.145 | V14: 1055400 | W14: 37993000 | X14: =IF(OR(Raw_Data[[#This Row],[status_pembayaran]]="Macet",Raw_Data[[#This Row],[status_pembayaran]]="Kurang Lancar"),"Non Performing Loan","Performing") -> Performing | Y14: Lancar | Z14: 0 | AA14: 0 | AB14: 1 | AD14: =IF(Raw_Data[[#This Row],[rasio]]<0.2,1,IF(Raw_Data[[#This Row],[rasio]]<0.3,2,IF(Raw_Data[[#This Row],[rasio]]<0.4,3,4))) -> 2 | AE14: =IF(Raw_Data[[#This Row],[kategori_dp]]="High",1,IF(Raw_Data[[#This Row],[kategori_dp]]="Medium",2,3)) -> 2 | AF14: =IF(Raw_Data[[#This Row],[tenor_bulan]]<=24,1,IF(Raw_Data[[#This Row],[tenor_bulan]]<=36,2,IF(Raw_Data[[#This Row],[tenor_bulan]]<=48,3,4))) -> 2 | AG14: =IF(Raw_Data[[#This Row],[jumlah_kali_telat]]=0,0,IF(Raw_Data[[#This Row],[jumlah_kali_telat]]<=2,2,4)) -> 0 | AH14: =Raw_Data[[#This Row],[Skor_Rasio]]+Raw_Data[[#This Row],[Skor_DP]]+Raw_Data[[#This Row],[Skor_Tenor]]+Raw_Data[[#This Row],[Skor_Telat]] -> 6 | AI14: =IF(Raw_Data[[#This Row],[Risk_Score]]<=6,"Low Risk",IF(Raw_Data[[#This Row],[Risk_Score]]<=8,"Medium Risk","High Risk")) -> Low Risk | AJ14: =IFERROR(DATEDIF(Raw_Data[[#This Row],[tanggal_pengajuan]],TODAY(),"m"),"N/A") -> 6 | AK14: =IF(ISNUMBER(Raw_Data[[#This Row],[MOB]]),IF(Raw_Data[[#This Row],[MOB]]<6,"0-5 bulan",IF(Raw_Data[[#This Row],[MOB]]<12,"6-11 bulan",IF(Raw_Data[[#This Row],[MOB]]<24,"12-23 bulan","24+ bulan"))),"N/A") -> 6-11 bulan
A15: KRM00014 | B15: 46029 | C15: =TEXT(B15,"mmmm") -> January | D15: Rahmat Anggraini | E15: 77882704575595 | F15: 56 | G15: Lakilaki | H15: Petani | I15: 3020000 | J15: =Raw_Data[[#This Row],[cicilan_per_bulan]]/Raw_Data[[#This Row],[penghasilan_bulanan]] -> 0.19781457 | K15: Malang | L15: Jawa Timur | M15: Honda | N15: Scoopy | O15: Matic Stylish | P15: 24447000 | Q15: 3667000 | R15: =IF(Raw_Data[[#This Row],[persen_dp]]<15%,"Low",IF(Raw_Data[[#This Row],[persen_dp]]>25%,"High","Medium")) -> Medium | S15: 0.15 | T15: 60 | U15: 0.145 | V15: 597400 | W15: 35845000 | X15: =IF(OR(Raw_Data[[#This Row],[status_pembayaran]]="Macet",Raw_Data[[#This Row],[status_pembayaran]]="Kurang Lancar"),"Non Performing Loan","Performing") -> Performing | Y15: Lancar | Z15: 0 | AA15: 0 | AB15: 1 | AC15: data kurang | AD15: =IF(Raw_Data[[#This Row],[rasio]]<0.2,1,IF(Raw_Data[[#This Row],[rasio]]<0.3,2,IF(Raw_Data[[#This Row],[rasio]]<0.4,3,4))) -> 1 | AE15: =IF(Raw_Data[[#This Row],[kategori_dp]]="High",1,IF(Raw_Data[[#This Row],[kategori_dp]]="Medium",2,3)) -> 2 | AF15: =IF(Raw_Data[[#This Row],[tenor_bulan]]<=24,1,IF(Raw_Data[[#This Row],[tenor_bulan]]<=36,2,IF(Raw_Data[[#This Row],[tenor_bulan]]<=48,3,4))) -> 4 | AG15: =IF(Raw_Data[[#This Row],[jumlah_kali_telat]]=0,0,IF(Raw_Data[[#This Row],[jumlah_kali_telat]]<=2,2,4)) -> 0 | AH15: =Raw_Data[[#This Row],[Skor_Rasio]]+Raw_Data[[#This Row],[Skor_DP]]+Raw_Data[[#This Row],[Skor_Tenor]]+Raw_Data[[#This Row],[Skor_Telat]] -> 7 | AI15: =IF(Raw_Data[[#This Row],[Risk_Score]]<=6,"Low Risk",IF(Raw_Data[[#This Row],[Risk_Score]]<=8,"Medium Risk","High Risk")) -> Medium Risk | AJ15: =IFERROR(DATEDIF(Raw_Data[[#This Row],[tanggal_pengajuan]],TODAY(),"m"),"N/A") -> 9 | AK15: =IF(ISNUMBER(Raw_Data[[#This Row],[MOB]]),IF(Raw_Data[[#This Row],[MOB]]<6,"0-5 bulan",IF(Raw_Data[[#This Row],[MOB]]<12,"6-11 bulan",IF(Raw_Data[[#This Row],[MOB]]<24,"12-23 bulan","24+ bulan"))),"N/A") -> 6-11 bulan
A16: KRM00015 | B16: 46134 | C16: =TEXT(B16,"mmmm") -> April | D16: Tri Utami | E16: 90171511902741 | F16: 53 | G16: Perempuan | H16: Karyawan Swasta | I16: 4964000 | J16: =Raw_Data[[#This Row],[cicilan_per_bulan]]/Raw_Data[[#This Row],[penghasilan_bulanan]] -> 0.19806608 | K16: Balikpapan | L16: Kalimantan Timur | M16: Suzuki | N16: Address | O16: Matic Mid | P16: 20325000 | Q16: 2032000 | R16: =IF(Raw_Data[[#This Row],[persen_dp]]<15%,"Low",IF(Raw_Data[[#This Row],[persen_dp]]>25%,"High","Medium")) -> Low | S16: 0.1 | T16: 24 | U16: 0.145 | V16: 983200 | W16: 23598000 | X16: =IF(OR(Raw_Data[[#This Row],[status_pembayaran]]="Macet",Raw_Data[[#This Row],[status_pembayaran]]="Kurang Lancar"),"Non Performing Loan","Performing") -> Performing | Y16: Lancar | Z16: 0 | AA16: 0 | AB16: 1 | AD16: =IF(Raw_Data[[#This Row],[rasio]]<0.2,1,IF(Raw_Data[[#This Row],[rasio]]<0.3,2,IF(Raw_Data[[#This Row],[rasio]]<0.4,3,4))) -> 1 | AE16: =IF(Raw_Data[[#This Row],[kategori_dp]]="High",1,IF(Raw_Data[[#This Row],[kategori_dp]]="Medium",2,3)) -> 3 | AF16: =IF(Raw_Data[[#This Row],[tenor_bulan]]<=24,1,IF(Raw_Data[[#This Row],[tenor_bulan]]<=36,2,IF(Raw_Data[[#This Row],[tenor_bulan]]<=48,3,4))) -> 1 | AG16: =IF(Raw_Data[[#This Row],[jumlah_kali_telat]]=0,0,IF(Raw_Data[[#This Row],[jumlah_kali_telat]]<=2,2,4)) -> 0 | AH16: =Raw_Data[[#This Row],[Skor_Rasio]]+Raw_Data[[#This Row],[Skor_DP]]+Raw_Data[[#This Row],[Skor_Tenor]]+Raw_Data[[#This Row],[Skor_Telat]] -> 5 | AI16: =IF(Raw_Data[[#This Row],[Risk_Score]]<=6,"Low Risk",IF(Raw_Data[[#This Row],[Risk_Score]]<=8,"Medium Risk","High Risk")) -> Low Risk | AJ16: =IFERROR(DATEDIF(Raw_Data[[#This Row],[tanggal_pengajuan]],TODAY(),"m"),"N/A") -> 6 | AK16: =IF(ISNUMBER(Raw_Data[[#This Row],[MOB]]),IF(Raw_Data[[#This Row],[MOB]]<6,"0-5 bulan",IF(Raw_Data[[#This Row],[MOB]]<12,"6-11 bulan",IF(Raw_Data[[#This Row],[MOB]]<24,"12-23 bulan","24+ bulan"))),"N/A") -> 6-11 bulan
A17: KRM00016 | B17: 46128 | C17: =TEXT(B17,"mmmm") -> April | D17: Dian Hakim | E17: 32261102651376 | F17: 40 | G17: Lakilaki | H17: Wiraswasta | I17: 6500000 | J17: =Raw_Data[[#This Row],[cicilan_per_bulan]]/Raw_Data[[#This Row],[penghasilan_bulanan]] -> 0.24701538 | K17: Depok | L17: Jawa Barat | M17: Yamaha | N17: Mio M3 | O17: Matic Entry | P17: 18697000 | Q17: 1870000 | R17: =IF(Raw_Data[[#This Row],[persen_dp]]<15%,"Low",IF(Raw_Data[[#This Row],[persen_dp]]>25%,"High","Medium")) -> Low | S17: 0.1 | T17: 12 | U17: 0.145 | V17: 1605600 | W17: 19267000 | X17: =IF(OR(Raw_Data[[#This Row],[status_pembayaran]]="Macet",Raw_Data[[#This Row],[status_pembayaran]]="Kurang Lancar"),"Non Performing Loan","Performing") -> Performing | Y17: Lancar | Z17: 0 | AA17: 0 | AB17: 1 | AC17: survey ulang | AD17: =IF(Raw_Data[[#This Row],[rasio]]<0.2,1,IF(Raw_Data[[#This Row],[rasio]]<0.3,2,IF(Raw_Data[[#This Row],[rasio]]<0.4,3,4))) -> 2 | AE17: =IF(Raw_Data[[#This Row],[kategori_dp]]="High",1,IF(Raw_Data[[#This Row],[kategori_dp]]="Medium",2,3)) -> 3 | AF17: =IF(Raw_Data[[#This Row],[tenor_bulan]]<=24,1,IF(Raw_Data[[#This Row],[tenor_bulan]]<=36,2,IF(Raw_Data[[#This Row],[tenor_bulan]]<=48,3,4))) -> 1 | AG17: =IF(Raw_Data[[#This Row],[jumlah_kali_telat]]=0,0,IF(Raw_Data[[#This Row],[jumlah_kali_telat]]<=2,2,4)) -> 0 | AH17: =Raw_Data[[#This Row],[Skor_Rasio]]+Raw_Data[[#This Row],[Skor_DP]]+Raw_Data[[#This Row],[Skor_Tenor]]+Raw_Data[[#This Row],[Skor_Telat]] -> 6 | AI17: =IF(Raw_Data[[#This Row],[Risk_Score]]<=6,"Low Risk",IF(Raw_Data[[#This Row],[Risk_Score]]<=8,"Medium Risk","High Risk")) -> Low Risk | AJ17: =IFERROR(DATEDIF(Raw_Data[[#This Row],[tanggal_pengajuan]],TODAY(),"m"),"N/A") -> 6 | AK17: =IF(ISNUMBER(Raw_Data[[#This Row],[MOB]]),IF(Raw_Data[[#This Row],[MOB]]<6,"0-5 bulan",IF(Raw_Data[[#This Row],[MOB]]<12,"6-11 bulan",IF(Raw_Data[[#This Row],[MOB]]<24,"12-23 bulan","24+ bulan"))),"N/A") -> 6-11 bulan
A18: KRM00017 | B18: 46296 | C18: =TEXT(B18,"mmmm") -> October | D18: Nurul Prasetyo | E18: 68902311577130 | F18: 53 | G18: Perempuan | H18: Tni/Polri | I18: 6377000 | J18: =Raw_Data[[#This Row],[cicilan_per_bulan]]/Raw_Data[[#This Row],[penghasilan_bulanan]] -> 0.073310334 | K18: Banjarmasin | L18: Kalimantan Selatan | M18: Yamaha | N18: Freego | O18: Matic Mid | P18: 23229000 | Q18: 6969000 | R18: =IF(Raw_Data[[#This Row],[persen_dp]]<15%,"Low",IF(Raw_Data[[#This Row],[persen_dp]]>25%,"High","Medium")) -> High | S18: 0.3 | T18: 60 | U18: 0.145 | V18: 467500 | W18: 28048000 | X18: =IF(OR(Raw_Data[[#This Row],[status_pembayaran]]="Macet",Raw_Data[[#This Row],[status_pembayaran]]="Kurang Lancar"),"Non Performing Loan","Performing") -> Performing | Y18: Lancar | Z18: 0 | AA18: 0 | AB18: 1 | AC18: data kurang | AD18: =IF(Raw_Data[[#This Row],[rasio]]<0.2,1,IF(Raw_Data[[#This Row],[rasio]]<0.3,2,IF(Raw_Data[[#This Row],[rasio]]<0.4,3,4))) -> 1 | AE18: =IF(Raw_Data[[#This Row],[kategori_dp]]="High",1,IF(Raw_Data[[#This Row],[kategori_dp]]="Medium",2,3)) -> 1 | AF18: =IF(Raw_Data[[#This Row],[tenor_bulan]]<=24,1,IF(Raw_Data[[#This Row],[tenor_bulan]]<=36,2,IF(Raw_Data[[#This Row],[tenor_bulan]]<=48,3,4))) -> 4 | AG18: =IF(Raw_Data[[#This Row],[jumlah_kali_telat]]=0,0,IF(Raw_Data[[#This Row],[jumlah_kali_telat]]<=2,2,4)) -> 0 | AH18: =Raw_Data[[#This Row],[Skor_Rasio]]+Raw_Data[[#This Row],[Skor_DP]]+Raw_Data[[#This Row],[Skor_Tenor]]+Raw_Data[[#This Row],[Skor_Telat]] -> 6 | AI18: =IF(Raw_Data[[#This Row],[Risk_Score]]<=6,"Low Risk",IF(Raw_Data[[#This Row],[Risk_Score]]<=8,"Medium Risk","High Risk")) -> Low Risk | AJ18: =IFERROR(DATEDIF(Raw_Data[[#This Row],[tanggal_pengajuan]],TODAY(),"m"),"N/A") -> 0 | AK18: =IF(ISNUMBER(Raw_Data[[#This Row],[MOB]]),IF(Raw_Data[[#This Row],[MOB]]<6,"0-5 bulan",IF(Raw_Data[[#This Row],[MOB]]<12,"6-11 bulan",IF(Raw_Data[[#This Row],[MOB]]<24,"12-23 bulan","24+ bulan"))),"N/A") -> 0-5 bulan
A19: KRM00018 | B19: 46107 | C19: =TEXT(B19,"mmmm") -> March | D19: Agus Lestari | E19: 55322306871332 | F19: 55 | G19: Lakilaki | H19: Wiraswasta | I19: 13602000 | J19: =Raw_Data[[#This Row],[cicilan_per_bulan]]/Raw_Data[[#This Row],[penghasilan_bulanan]] -> 0.078856051 | K19: Medan | L19: Sumatera Utara | M19: Yamaha | N19: Aerox 155 | O19: Matic Sport | P19: 30700000 | Q19: 10745000 | R19: =IF(Raw_Data[[#This Row],[persen_dp]]<15%,"Low",IF(Raw_Data[[#This Row],[persen_dp]]>25%,"High","Medium")) -> High | S19: 0.35 | T19: 24 | U19: 0.145 | V19: 1072600 | W19: 25742000 | X19: =IF(OR(Raw_Data[[#This Row],[status_pembayaran]]="Macet",Raw_Data[[#This Row],[status_pembayaran]]="Kurang Lancar"),"Non Performing Loan","Performing") -> Performing | Y19: Lancar | Z19: 0 | AA19: 0 | AB19: 1 | AD19: =IF(Raw_Data[[#This Row],[rasio]]<0.2,1,IF(Raw_Data[[#This Row],[rasio]]<0.3,2,IF(Raw_Data[[#This Row],[rasio]]<0.4,3,4))) -> 1 | AE19: =IF(Raw_Data[[#This Row],[kategori_dp]]="High",1,IF(Raw_Data[[#This Row],[kategori_dp]]="Medium",2,3)) -> 1 | AF19: =IF(Raw_Data[[#This Row],[tenor_bulan]]<=24,1,IF(Raw_Data[[#This Row],[tenor_bulan]]<=36,2,IF(Raw_Data[[#This Row],[tenor_bulan]]<=48,3,4))) -> 1 | AG19: =IF(Raw_Data[[#This Row],[jumlah_kali_telat]]=0,0,IF(Raw_Data[[#This Row],[jumlah_kali_telat]]<=2,2,4)) -> 0 | AH19: =Raw_Data[[#This Row],[Skor_Rasio]]+Raw_Data[[#This Row],[Skor_DP]]+Raw_Data[[#This Row],[Skor_Tenor]]+Raw_Data[[#This Row],[Skor_Telat]] -> 3 | AI19: =IF(Raw_Data[[#This Row],[Risk_Score]]<=6,"Low Risk",IF(Raw_Data[[#This Row],[Risk_Score]]<=8,"Medium Risk","High Risk")) -> Low Risk | AJ19: =IFERROR(DATEDIF(Raw_Data[[#This Row],[tanggal_pengajuan]],TODAY(),"m"),"N/A") -> 6 | AK19: =IF(ISNUMBER(Raw_Data[[#This Row],[MOB]]),IF(Raw_Data[[#This Row],[MOB]]<6,"0-5 bulan",IF(Raw_Data[[#This Row],[MOB]]<12,"6-11 bulan",IF(Raw_Data[[#This Row],[MOB]]<24,"12-23 bulan","24+ bulan"))),"N/A") -> 6-11 bulan
A20: KRM00019 | B20: 46113 | C20: =TEXT(B20,"mmmm") -> April | D20: Fajar Santoso | E20: 65792803727804 | F20: 45 | G20: Lakilaki | H20: Buruh/Operator | I20: 2677000 | J20: =Raw_Data[[#This Row],[cicilan_per_bulan]]/Raw_Data[[#This Row],[penghasilan_bulanan]] -> 0.43115428 | K20: Jakarta Timur | L20: DKI Jakarta | M20: Honda | N20: Vario 125 | O20: Matic Mid | P20: 24378000 | Q20: 7313000 | R20: =IF(Raw_Data[[#This Row],[persen_dp]]<15%,"Low",IF(Raw_Data[[#This Row],[persen_dp]]>25%,"High","Medium")) -> High | S20: 0.3 | T20: 18 | U20: 0.145 | V20: 1154200 | W20: 20776000 | X20: =IF(OR(Raw_Data[[#This Row],[status_pembayaran]]="Macet",Raw_Data[[#This Row],[status_pembayaran]]="Kurang Lancar"),"Non Performing Loan","Performing") -> Performing | Y20: Lancar | Z20: 0 | AA20: 0 | AB20: 1 | AC20: ok | AD20: =IF(Raw_Data[[#This Row],[rasio]]<0.2,1,IF(Raw_Data[[#This Row],[rasio]]<0.3,2,IF(Raw_Data[[#This Row],[rasio]]<0.4,3,4))) -> 4 | AE20: =IF(Raw_Data[[#This Row],[kategori_dp]]="High",1,IF(Raw_Data[[#This Row],[kategori_dp]]="Medium",2,3)) -> 1 | AF20: =IF(Raw_Data[[#This Row],[tenor_bulan]]<=24,1,IF(Raw_Data[[#This Row],[tenor_bulan]]<=36,2,IF(Raw_Data[[#This Row],[tenor_bulan]]<=48,3,4))) -> 1 | AG20: =IF(Raw_Data[[#This Row],[jumlah_kali_telat]]=0,0,IF(Raw_Data[[#This Row],[jumlah_kali_telat]]<=2,2,4)) -> 0 | AH20: =Raw_Data[[#This Row],[Skor_Rasio]]+Raw_Data[[#This Row],[Skor_DP]]+Raw_Data[[#This Row],[Skor_Tenor]]+Raw_Data[[#This Row],[Skor_Telat]] -> 6 | AI20: =IF(Raw_Data[[#This Row],[Risk_Score]]<=6,"Low Risk",IF(Raw_Data[[#This Row],[Risk_Score]]<=8,"Medium Risk","High Risk")) -> Low Risk | AJ20: =IFERROR(DATEDIF(Raw_Data[[#This Row],[tanggal_pengajuan]],TODAY(),"m"),"N/A") -> 6 | AK20: =IF(ISNUMBER(Raw_Data[[#This Row],[MOB]]),IF(Raw_Data[[#This Row],[MOB]]<6,"0-5 bulan",IF(Raw_Data[[#This Row],[MOB]]<12,"6-11 bulan",IF(Raw_Data[[#This Row],[MOB]]<24,"12-23 bulan","24+ bulan"))),"N/A") -> 6-11 bulan
A21: KRM00020 | B21: 46161 | C21: =TEXT(B21,"mmmm") -> May | D21: Dian Pratama | E21: 49691001679866 | F21: 51 | G21: Perempuan | H21: Freelancer | I21: 5715000 | J21: =Raw_Data[[#This Row],[cicilan_per_bulan]]/Raw_Data[[#This Row],[penghasilan_bulanan]] -> 0.10460192 | K21: Depok | L21: Jawa Barat | M21: Honda | N21: CB150R | O21: Sport | P21: 31992000 | Q21: 11197000 | R21: =IF(Raw_Data[[#This Row],[persen_dp]]<15%,"Low",IF(Raw_Data[[#This Row],[persen_dp]]>25%,"High","Medium")) -> High | S21: 0.35 | T21: 60 | U21: 0.145 | V21: 597800 | W21: 35871000 | X21: =IF(OR(Raw_Data[[#This Row],[status_pembayaran]]="Macet",Raw_Data[[#This Row],[status_pembayaran]]="Kurang Lancar"),"Non Performing Loan","Performing") -> Performing | Y21: Lancar | Z21: 0 | AA21: 0 | AB21: 1 | AC21: survey ulang | AD21: =IF(Raw_Data[[#This Row],[rasio]]<0.2,1,IF(Raw_Data[[#This Row],[rasio]]<0.3,2,IF(Raw_Data[[#This Row],[rasio]]<0.4,3,4))) -> 1 | AE21: =IF(Raw_Data[[#This Row],[kategori_dp]]="High",1,IF(Raw_Data[[#This Row],[kategori_dp]]="Medium",2,3)) -> 1 | AF21: =IF(Raw_Data[[#This Row],[tenor_bulan]]<=24,1,IF(Raw_Data[[#This Row],[tenor_bulan]]<=36,2,IF(Raw_Data[[#This Row],[tenor_bulan]]<=48,3,4))) -> 4 | AG21: =IF(Raw_Data[[#This Row],[jumlah_kali_telat]]=0,0,IF(Raw_Data[[#This Row],[jumlah_kali_telat]]<=2,2,4)) -> 0 | AH21: =Raw_Data[[#This Row],[Skor_Rasio]]+Raw_Data[[#This Row],[Skor_DP]]+Raw_Data[[#This Row],[Skor_Tenor]]+Raw_Data[[#This Row],[Skor_Telat]] -> 6 | AI21: =IF(Raw_Data[[#This Row],[Risk_Score]]<=6,"Low Risk",IF(Raw_Data[[#This Row],[Risk_Score]]<=8,"Medium Risk","High Risk")) -> Low Risk | AJ21: =IFERROR(DATEDIF(Raw_Data[[#This Row],[tanggal_pengajuan]],TODAY(),"m"),"N/A") -> 5 | AK21: =IF(ISNUMBER(Raw_Data[[#This Row],[MOB]]),IF(Raw_Data[[#This Row],[MOB]]<6,"0-5 bulan",IF(Raw_Data[[#This Row],[MOB]]<12,"6-11 bulan",IF(Raw_Data[[#This Row],[MOB]]<24,"12-23 bulan","24+ bulan"))),"N/A") -> 0-5 bulan
A22: KRM00021 | B22: 46032 | C22: =TEXT(B22,"mmmm") -> January | D22: Fitriani Permata | E22: 58912612701921 | F22: 21 | G22: Perempuan | H22: Karyawan Swasta | I22: 4813000 | J22: =Raw_Data[[#This Row],[cicilan_per_bulan]]/Raw_Data[[#This Row],[penghasilan_bulanan]] -> 0.30340744 | K22: Pekanbaru | L22: Riau | M22: Honda | N22: Vario 160 | O22: Matic Mid | P22: 30843000 | Q22: 9253000 | R22: =IF(Raw_Data[[#This Row],[persen_dp]]<15%,"Low",IF(Raw_Data[[#This Row],[persen_dp]]>25%,"High","Medium")) -> High | S22: 0.3 | T22: 18 | U22: 0.145 | V22: 1460300 | W22: 26286000 | X22: =IF(OR(Raw_Data[[#This Row],[status_pembayaran]]="Macet",Raw_Data[[#This Row],[status_pembayaran]]="Kurang Lancar"),"Non Performing Loan","Performing") -> Performing | Y22: Lancar | Z22: 0 | AA22: 0 | AB22: 1 | AD22: =IF(Raw_Data[[#This Row],[rasio]]<0.2,1,IF(Raw_Data[[#This Row],[rasio]]<0.3,2,IF(Raw_Data[[#This Row],[rasio]]<0.4,3,4))) -> 3 | AE22: =IF(Raw_Data[[#This Row],[kategori_dp]]="High",1,IF(Raw_Data[[#This Row],[kategori_dp]]="Medium",2,3)) -> 1 | AF22: =IF(Raw_Data[[#This Row],[tenor_bulan]]<=24,1,IF(Raw_Data[[#This Row],[tenor_bulan]]<=36,2,IF(Raw_Data[[#This Row],[tenor_bulan]]<=48,3,4))) -> 1 | AG22: =IF(Raw_Data[[#This Row],[jumlah_kali_telat]]=0,0,IF(Raw_Data[[#This Row],[jumlah_kali_telat]]<=2,2,4)) -> 0 | AH22: =Raw_Data[[#This Row],[Skor_Rasio]]+Raw_Data[[#This Row],[Skor_DP]]+Raw_Data[[#This Row],[Skor_Tenor]]+Raw_Data[[#This Row],[Skor_Telat]] -> 5 | AI22: =IF(Raw_Data[[#This Row],[Risk_Score]]<=6,"Low Risk",IF(Raw_Data[[#This Row],[Risk_Score]]<=8,"Medium Risk","High Risk")) -> Low Risk | AJ22: =IFERROR(DATEDIF(Raw_Data[[#This Row],[tanggal_pengajuan]],TODAY(),"m"),"N/A") -> 9 | AK22: =IF(ISNUMBER(Raw_Data[[#This Row],[MOB]]),IF(Raw_Data[[#This Row],[MOB]]<6,"0-5 bulan",IF(Raw_Data[[#This Row],[MOB]]<12,"6-11 bulan",IF(Raw_Data[[#This Row],[MOB]]<24,"12-23 bulan","24+ bulan"))),"N/A") -> 6-11 bulan
A23: KRM00022 | B23: 46115 | C23: =TEXT(B23,"mmmm") -> April | D23: Nia Permata | E23: 59151606728524 | F23: 50 | G23: Perempuan | H23: Karyawan Swasta | I23: 7745000 | J23: =Raw_Data[[#This Row],[cicilan_per_bulan]]/Raw_Data[[#This Row],[penghasilan_bulanan]] -> 0.10622337 | K23: Bekasi | L23: Jawa Barat | M23: Honda | N23: CB150R | O23: Sport | P23: 31754000 | Q23: 11114000 | R23: =IF(Raw_Data[[#This Row],[persen_dp]]<15%,"Low",IF(Raw_Data[[#This Row],[persen_dp]]>25%,"High","Medium")) -> High | S23: 0.35 | T23: 36 | U23: 0.145 | V23: 822700 | W23: 29619000 | X23: =IF(OR(Raw_Data[[#This Row],[status_pembayaran]]="Macet",Raw_Data[[#This Row],[status_pembayaran]]="Kurang Lancar"),"Non Performing Loan","Performing") -> Performing | Y23: Lancar | Z23: 0 | AA23: 0 | AB23: 1 | AC23: data kurang | AD23: =IF(Raw_Data[[#This Row],[rasio]]<0.2,1,IF(Raw_Data[[#This Row],[rasio]]<0.3,2,IF(Raw_Data[[#This Row],[rasio]]<0.4,3,4))) -> 1 | AE23: =IF(Raw_Data[[#This Row],[kategori_dp]]="High",1,IF(Raw_Data[[#This Row],[kategori_dp]]="Medium",2,3)) -> 1 | AF23: =IF(Raw_Data[[#This Row],[tenor_bulan]]<=24,1,IF(Raw_Data[[#This Row],[tenor_bulan]]<=36,2,IF(Raw_Data[[#This Row],[tenor_bulan]]<=48,3,4))) -> 2 | AG23: =IF(Raw_Data[[#This Row],[jumlah_kali_telat]]=0,0,IF(Raw_Data[[#This Row],[jumlah_kali_telat]]<=2,2,4)) -> 0 | AH23: =Raw_Data[[#This Row],[Skor_Rasio]]+Raw_Data[[#This Row],[Skor_DP]]+Raw_Data[[#This Row],[Skor_Tenor]]+Raw_Data[[#This Row],[Skor_Telat]] -> 4 | AI23: =IF(Raw_Data[[#This Row],[Risk_Score]]<=6,"Low Risk",IF(Raw_Data[[#This Row],[Risk_Score]]<=8,"Medium Risk","High Risk")) -> Low Risk | AJ23: =IFERROR(DATEDIF(Raw_Data[[#This Row],[tanggal_pengajuan]],TODAY(),"m"),"N/A") -> 6 | AK23: =IF(ISNUMBER(Raw_Data[[#This Row],[MOB]]),IF(Raw_Data[[#This Row],[MOB]]<6,"0-5 bulan",IF(Raw_Data[[#This Row],[MOB]]<12,"6-11 bulan",IF(Raw_Data[[#This Row],[MOB]]<24,"12-23 bulan","24+ bulan"))),"N/A") -> 6-11 bulan
A24: KRM00023 | B24: 46156 | C24: =TEXT(B24,"mmmm") -> May | D24: Joko Fauzi | E24: 37891906845342 | F24: 29 | G24: Lakilaki | H24: Karyawan Swasta | I24: 5038000 | J24: =Raw_Data[[#This Row],[cicilan_per_bulan]]/Raw_Data[[#This Row],[penghasilan_bulanan]] -> 0.63277094 | K24: Medan | L24: Sumatera Utara | M24: Honda | N24: ADV 160 | O24: Adventure | P24: 41763000 | Q24: 8353000 | R24: =IF(Raw_Data[[#This Row],[persen_dp]]<15%,"Low",IF(Raw_Data[[#This Row],[persen_dp]]>25%,"High","Medium")) -> Medium | S24: 0.2 | T24: 12 | U24: 0.145 | V24: 3187900 | W24: 38255000 | X24: =IF(OR(Raw_Data[[#This Row],[status_pembayaran]]="Macet",Raw_Data[[#This Row],[status_pembayaran]]="Kurang Lancar"),"Non Performing Loan","Performing") -> Performing | Y24: Lancar | Z24: 0 | AA24: 0 | AB24: 1 | AC24: verifikasi | AD24: =IF(Raw_Data[[#This Row],[rasio]]<0.2,1,IF(Raw_Data[[#This Row],[rasio]]<0.3,2,IF(Raw_Data[[#This Row],[rasio]]<0.4,3,4))) -> 4 | AE24: =IF(Raw_Data[[#This Row],[kategori_dp]]="High",1,IF(Raw_Data[[#This Row],[kategori_dp]]="Medium",2,3)) -> 2 | AF24: =IF(Raw_Data[[#This Row],[tenor_bulan]]<=24,1,IF(Raw_Data[[#This Row],[tenor_bulan]]<=36,2,IF(Raw_Data[[#This Row],[tenor_bulan]]<=48,3,4))) -> 1 | AG24: =IF(Raw_Data[[#This Row],[jumlah_kali_telat]]=0,0,IF(Raw_Data[[#This Row],[jumlah_kali_telat]]<=2,2,4)) -> 0 | AH24: =Raw_Data[[#This Row],[Skor_Rasio]]+Raw_Data[[#This Row],[Skor_DP]]+Raw_Data[[#This Row],[Skor_Tenor]]+Raw_Data[[#This Row],[Skor_Telat]] -> 7 | AI24: =IF(Raw_Data[[#This Row],[Risk_Score]]<=6,"Low Risk",IF(Raw_Data[[#This Row],[Risk_Score]]<=8,"Medium Risk","High Risk")) -> Medium Risk | AJ24: =IFERROR(DATEDIF(Raw_Data[[#This Row],[tanggal_pengajuan]],TODAY(),"m"),"N/A") -> 5 | AK24: =IF(ISNUMBER(Raw_Data[[#This Row],[MOB]]),IF(Raw_Data[[#This Row],[MOB]]<6,"0-5 bulan",IF(Raw_Data[[#This Row],[MOB]]<12,"6-11 bulan",IF(Raw_Data[[#This Row],[MOB]]<24,"12-23 bulan","24+ bulan"))),"N/A") -> 0-5 bulan
A25: KRM00024 | B25: 46155 | C25: =TEXT(B25,"mmmm") -> May | D25: Fitriani Lestari | E25: 38001412746465 | F25: 56 | G25: Perempuan | H25: Guru/Dosen | I25: 6380000 | J25: =Raw_Data[[#This Row],[cicilan_per_bulan]]/Raw_Data[[#This Row],[penghasilan_bulanan]] -> 0.089169279 | K25: Jakarta Utara | L25: DKI Jakarta | M25: Suzuki | N25: Address | O25: Matic Mid | P25: 20388000 | Q25: 6116000 | R25: =IF(Raw_Data[[#This Row],[persen_dp]]<15%,"Low",IF(Raw_Data[[#This Row],[persen_dp]]>25%,"High","Medium")) -> High | S25: 0.3 | T25: 36 | U25: 0.145 | V25: 568900 | W25: 20480000 | X25: =IF(OR(Raw_Data[[#This Row],[status_pembayaran]]="Macet",Raw_Data[[#This Row],[status_pembayaran]]="Kurang Lancar"),"Non Performing Loan","Performing") -> Performing | Y25: Lancar | Z25: 0 | AA25: 0 | AB25: 1 | AD25: =IF(Raw_Data[[#This Row],[rasio]]<0.2,1,IF(Raw_Data[[#This Row],[rasio]]<0.3,2,IF(Raw_Data[[#This Row],[rasio]]<0.4,3,4))) -> 1 | AE25: =IF(Raw_Data[[#This Row],[kategori_dp]]="High",1,IF(Raw_Data[[#This Row],[kategori_dp]]="Medium",2,3)) -> 1 | AF25: =IF(Raw_Data[[#This Row],[tenor_bulan]]<=24,1,IF(Raw_Data[[#This Row],[tenor_bulan]]<=36,2,IF(Raw_Data[[#This Row],[tenor_bulan]]<=48,3,4))) -> 2 | AG25: =IF(Raw_Data[[#This Row],[jumlah_kali_telat]]=0,0,IF(Raw_Data[[#This Row],[jumlah_kali_telat]]<=2,2,4)) -> 0 | AH25: =Raw_Data[[#This Row],[Skor_Rasio]]+Raw_Data[[#This Row],[Skor_DP]]+Raw_Data[[#This Row],[Skor_Tenor]]+Raw_Data[[#This Row],[Skor_Telat]] -> 4 | AI25: =IF(Raw_Data[[#This Row],[Risk_Score]]<=6,"Low Risk",IF(Raw_Data[[#This Row],[Risk_Score]]<=8,"Medium Risk","High Risk")) -> Low Risk | AJ25: =IFERROR(DATEDIF(Raw_Data[[#This Row],[tanggal_pengajuan]],TODAY(),"m"),"N/A") -> 5 | AK25: =IF(ISNUMBER(Raw_Data[[#This Row],[MOB]]),IF(Raw_Data[[#This Row],[MOB]]<6,"0-5 bulan",IF(Raw_Data[[#This Row],[MOB]]<12,"6-11 bulan",IF(Raw_Data[[#This Row],[MOB]]<24,"12-23 bulan","24+ bulan"))),"N/A") -> 0-5 bulan
A26: KRM00025 | B26: 46161 | C26: =TEXT(B26,"mmmm") -> May | D26: Rina Hidayah | E26: 92191010918864 | F26: 48 | G26: Lakilaki | H26: Karyawan Swasta | I26: 5068000 | J26: =Raw_Data[[#This Row],[cicilan_per_bulan]]/Raw_Data[[#This Row],[penghasilan_bulanan]] -> 0.17794002 | K26: Tangerang | L26: Banten | M26: Suzuki | N26: Address | O26: Matic Mid | P26: 20971000 | Q26: 4194000 | R26: =IF(Raw_Data[[#This Row],[persen_dp]]<15%,"Low",IF(Raw_Data[[#This Row],[persen_dp]]>25%,"High","Medium")) -> Medium | S26: 0.2 | T26: 24 | U26: 0.145 | V26: 901800 | W26: 21642000 | X26: =IF(OR(Raw_Data[[#This Row],[status_pembayaran]]="Macet",Raw_Data[[#This Row],[status_pembayaran]]="Kurang Lancar"),"Non Performing Loan","Performing") -> Performing | Y26: Lancar | Z26: 0 | AA26: 0 | AB26: 1 | AD26: =IF(Raw_Data[[#This Row],[rasio]]<0.2,1,IF(Raw_Data[[#This Row],[rasio]]<0.3,2,IF(Raw_Data[[#This Row],[rasio]]<0.4,3,4))) -> 1 | AE26: =IF(Raw_Data[[#This Row],[kategori_dp]]="High",1,IF(Raw_Data[[#This Row],[kategori_dp]]="Medium",2,3)) -> 2 | AF26: =IF(Raw_Data[[#This Row],[tenor_bulan]]<=24,1,IF(Raw_Data[[#This Row],[tenor_bulan]]<=36,2,IF(Raw_Data[[#This Row],[tenor_bulan]]<=48,3,4))) -> 1 | AG26: =IF(Raw_Data[[#This Row],[jumlah_kali_telat]]=0,0,IF(Raw_Data[[#This Row],[jumlah_kali_telat]]<=2,2,4)) -> 0 | AH26: =Raw_Data[[#This Row],[Skor_Rasio]]+Raw_Data[[#This Row],[Skor_DP]]+Raw_Data[[#This Row],[Skor_Tenor]]+Raw_Data[[#This Row],[Skor_Telat]] -> 4 | AI26: =IF(Raw_Data[[#This Row],[Risk_Score]]<=6,"Low Risk",IF(Raw_Data[[#This Row],[Risk_Score]]<=8,"Medium Risk","High Risk")) -> Low Risk | AJ26: =IFERROR(DATEDIF(Raw_Data[[#This Row],[tanggal_pengajuan]],TODAY(),"m"),"N/A") -> 5 | AK26: =IF(ISNUMBER(Raw_Data[[#This Row],[MOB]]),IF(Raw_Data[[#This Row],[MOB]]<6,"0-5 bulan",IF(Raw_Data[[#This Row],[MOB]]<12,"6-11 bulan",IF(Raw_Data[[#This Row],[MOB]]<24,"12-23 bulan","24+ bulan"))),"N/A") -> 0-5 bulan
A27: KRM00026 | B27: 46187 | C27: =TEXT(B27,"mmmm") -> June | D27: Andi Utami | E27: 55791609595065 | F27: 29 | G27: Perempuan | H27: Ibu Rumah Tangga | I27: 1828000 | J27: =Raw_Data[[#This Row],[cicilan_per_bulan]]/Raw_Data[[#This Row],[penghasilan_bulanan]] -> 1.3090263 | K27: Bekasi | L27: Jawa Barat | M27: Honda | N27: PCX 160 | O27: Matic Premium | P27: 35826000 | Q27: 10748000 | R27: =IF(Raw_Data[[#This Row],[persen_dp]]<15%,"Low",IF(Raw_Data[[#This Row],[persen_dp]]>25%,"High","Medium")) -> High | S27: 0.3 | T27: 12 | U27: 0.145 | V27: 2392900 | W27: 28715000 | X27: =IF(OR(Raw_Data[[#This Row],[status_pembayaran]]="Macet",Raw_Data[[#This Row],[status_pembayaran]]="Kurang Lancar"),"Non Performing Loan","Performing") -> Performing | Y27: Lancar | Z27: 0 | AA27: 0 | AB27: 1 | AC27: approved | AD27: =IF(Raw_Data[[#This Row],[rasio]]<0.2,1,IF(Raw_Data[[#This Row],[rasio]]<0.3,2,IF(Raw_Data[[#This Row],[rasio]]<0.4,3,4))) -> 4 | AE27: =IF(Raw_Data[[#This Row],[kategori_dp]]="High",1,IF(Raw_Data[[#This Row],[kategori_dp]]="Medium",2,3)) -> 1 | AF27: =IF(Raw_Data[[#This Row],[tenor_bulan]]<=24,1,IF(Raw_Data[[#This Row],[tenor_bulan]]<=36,2,IF(Raw_Data[[#This Row],[tenor_bulan]]<=48,3,4))) -> 1 | AG27: =IF(Raw_Data[[#This Row],[jumlah_kali_telat]]=0,0,IF(Raw_Data[[#This Row],[jumlah_kali_telat]]<=2,2,4)) -> 0 | AH27: =Raw_Data[[#This Row],[Skor_Rasio]]+Raw_Data[[#This Row],[Skor_DP]]+Raw_Data[[#This Row],[Skor_Tenor]]+Raw_Data[[#This Row],[Skor_Telat]] -> 6 | AI27: =IF(Raw_Data[[#This Row],[Risk_Score]]<=6,"Low Risk",IF(Raw_Data[[#This Row],[Risk_Score]]<=8,"Medium Risk","High Risk")) -> Low Risk | AJ27: =IFERROR(DATEDIF(Raw_Data[[#This Row],[tanggal_pengajuan]],TODAY(),"m"),"N/A") -> 4 | AK27: =IF(ISNUMBER(Raw_Data[[#This Row],[MOB]]),IF(Raw_Data[[#This Row],[MOB]]<6,"0-5 bulan",IF(Raw_Data[[#This Row],[MOB]]<12,"6-11 bulan",IF(Raw_Data[[#This Row],[MOB]]<24,"12-23 bulan","24+ bulan"))),"N/A") -> 0-5 bulan
A28: KRM00027 | B28: 46188 | C28: =TEXT(B28,"mmmm") -> June | D28: Bagus Lestari | E28: 76512604728470 | F28: 58 | G28: Lakilaki | H28: Karyawan Swasta | I28: 5834000 | J28: =Raw_Data[[#This Row],[cicilan_per_bulan]]/Raw_Data[[#This Row],[penghasilan_bulanan]] -> 0.11640384 | K28: Jakarta Barat | L28: DKI Jakarta | M28: Honda | N28: Vario 125 | O28: Matic Mid | P28: 25790000 | Q28: 5158000 | R28: =IF(Raw_Data[[#This Row],[persen_dp]]<15%,"Low",IF(Raw_Data[[#This Row],[persen_dp]]>25%,"High","Medium")) -> Medium | S28: 0.2 | T28: 48 | U28: 0.145 | V28: 679100 | W28: 32599000 | X28: =IF(OR(Raw_Data[[#This Row],[status_pembayaran]]="Macet",Raw_Data[[#This Row],[status_pembayaran]]="Kurang Lancar"),"Non Performing Loan","Performing") -> Performing | Y28: Lancar | Z28: 0 | AA28: 0 | AB28: 1 | AD28: =IF(Raw_Data[[#This Row],[rasio]]<0.2,1,IF(Raw_Data[[#This Row],[rasio]]<0.3,2,IF(Raw_Data[[#This Row],[rasio]]<0.4,3,4))) -> 1 | AE28: =IF(Raw_Data[[#This Row],[kategori_dp]]="High",1,IF(Raw_Data[[#This Row],[kategori_dp]]="Medium",2,3)) -> 2 | AF28: =IF(Raw_Data[[#This Row],[tenor_bulan]]<=24,1,IF(Raw_Data[[#This Row],[tenor_bulan]]<=36,2,IF(Raw_Data[[#This Row],[tenor_bulan]]<=48,3,4))) -> 3 | AG28: =IF(Raw_Data[[#This Row],[jumlah_kali_telat]]=0,0,IF(Raw_Data[[#This Row],[jumlah_kali_telat]]<=2,2,4)) -> 0 | AH28: =Raw_Data[[#This Row],[Skor_Rasio]]+Raw_Data[[#This Row],[Skor_DP]]+Raw_Data[[#This Row],[Skor_Tenor]]+Raw_Data[[#This Row],[Skor_Telat]] -> 6 | AI28: =IF(Raw_Data[[#This Row],[Risk_Score]]<=6,"Low Risk",IF(Raw_Data[[#This Row],[Risk_Score]]<=8,"Medium Risk","High Risk")) -> Low Risk | AJ28: =IFERROR(DATEDIF(Raw_Data[[#This Row],[tanggal_pengajuan]],TODAY(),"m"),"N/A") -> 4 | AK28: =IF(ISNUMBER(Raw_Data[[#This Row],[MOB]]),IF(Raw_Data[[#This Row],[MOB]]<6,"0-5 bulan",IF(Raw_Data[[#This Row],[MOB]]<12,"6-11 bulan",IF(Raw_Data[[#This Row],[MOB]]<24,"12-23 bulan","24+ bulan"))),"N/A") -> 0-5 bulan
A29: KRM00028 | B29: 46066 | C29: =TEXT(B29,"mmmm") -> February | D29: Indah Setiawan | E29: 90292507703895 | F29: 33 | G29: Lakilaki | H29: Karyawan Swasta | I29: 5429000 | J29: =Raw_Data[[#This Row],[cicilan_per_bulan]]/Raw_Data[[#This Row],[penghasilan_bulanan]] -> 0.10944925 | K29: Surabaya | L29: Jawa Timur | M29: Honda | N29: Scoopy | O29: Matic Stylish | P29: 24315000 | Q29: 3647000 | R29: =IF(Raw_Data[[#This Row],[persen_dp]]<15%,"Low",IF(Raw_Data[[#This Row],[persen_dp]]>25%,"High","Medium")) -> Medium | S29: 0.15 | T29: 60 | U29: 0.145 | V29: 594200 | W29: 35652000 | X29: =IF(OR(Raw_Data[[#This Row],[status_pembayaran]]="Macet",Raw_Data[[#This Row],[status_pembayaran]]="Kurang Lancar"),"Non Performing Loan","Performing") -> Performing | Y29: Lancar | Z29: 0 | AA29: 0 | AB29: 1 | AC29: survey ulang | AD29: =IF(Raw_Data[[#This Row],[rasio]]<0.2,1,IF(Raw_Data[[#This Row],[rasio]]<0.3,2,IF(Raw_Data[[#This Row],[rasio]]<0.4,3,4))) -> 1 | AE29: =IF(Raw_Data[[#This Row],[kategori_dp]]="High",1,IF(Raw_Data[[#This Row],[kategori_dp]]="Medium",2,3)) -> 2 | AF29: =IF(Raw_Data[[#This Row],[tenor_bulan]]<=24,1,IF(Raw_Data[[#This Row],[tenor_bulan]]<=36,2,IF(Raw_Data[[#This Row],[tenor_bulan]]<=48,3,4))) -> 4 | AG29: =IF(Raw_Data[[#This Row],[jumlah_kali_telat]]=0,0,IF(Raw_Data[[#This Row],[jumlah_kali_telat]]<=2,2,4)) -> 0 | AH29: =Raw_Data[[#This Row],[Skor_Rasio]]+Raw_Data[[#This Row],[Skor_DP]]+Raw_Data[[#This Row],[Skor_Tenor]]+Raw_Data[[#This Row],[Skor_Telat]] -> 7 | AI29: =IF(Raw_Data[[#This Row],[Risk_Score]]<=6,"Low Risk",IF(Raw_Data[[#This Row],[Risk_Score]]<=8,"Medium Risk","High Risk")) -> Medium Risk | AJ29: =IFERROR(DATEDIF(Raw_Data[[#This Row],[tanggal_pengajuan]],TODAY(),"m"),"N/A") -> 8 | AK29: =IF(ISNUMBER(Raw_Data[[#This Row],[MOB]]),IF(Raw_Data[[#This Row],[MOB]]<6,"0-5 bulan",IF(Raw_Data[[#This Row],[MOB]]<12,"6-11 bulan",IF(Raw_Data[[#This Row],[MOB]]<24,"12-23 bulan","24+ bulan"))),"N/A") -> 6-11 bulan
A30: KRM00029 | B30: 46168 | C30: =TEXT(B30,"mmmm") -> May | D30: Dian Setiawan | E30: 99451306678281 | F30: 37 | G30: Perempuan | H30: Wiraswasta | I30: 7889000 | J30: =Raw_Data[[#This Row],[cicilan_per_bulan]]/Raw_Data[[#This Row],[penghasilan_bulanan]] -> 0.20311827 | K30: Pekanbaru | L30: Riau | M30: Yamaha | N30: Aerox 155 | O30: Matic Sport | P30: 31587000 | Q30: 7897000 | R30: =IF(Raw_Data[[#This Row],[persen_dp]]<15%,"Low",IF(Raw_Data[[#This Row],[persen_dp]]>25%,"High","Medium")) -> Medium | S30: 0.25 | T30: 18 | U30: 0.145 | V30: 1602400 | W30: 28843000 | X30: =IF(OR(Raw_Data[[#This Row],[status_pembayaran]]="Macet",Raw_Data[[#This Row],[status_pembayaran]]="Kurang Lancar"),"Non Performing Loan","Performing") -> Performing | Y30: Lancar | Z30: 0 | AA30: 0 | AB30: 1 | AC30: verifikasi | AD30: =IF(Raw_Data[[#This Row],[rasio]]<0.2,1,IF(Raw_Data[[#This Row],[rasio]]<0.3,2,IF(Raw_Data[[#This Row],[rasio]]<0.4,3,4))) -> 2 | AE30: =IF(Raw_Data[[#This Row],[kategori_dp]]="High",1,IF(Raw_Data[[#This Row],[kategori_dp]]="Medium",2,3)) -> 2 | AF30: =IF(Raw_Data[[#This Row],[tenor_bulan]]<=24,1,IF(Raw_Data[[#This Row],[tenor_bulan]]<=36,2,IF(Raw_Data[[#This Row],[tenor_bulan]]<=48,3,4))) -> 1 | AG30: =IF(Raw_Data[[#This Row],[jumlah_kali_telat]]=0,0,IF(Raw_Data[[#This Row],[jumlah_kali_telat]]<=2,2,4)) -> 0 | AH30: =Raw_Data[[#This Row],[Skor_Rasio]]+Raw_Data[[#This Row],[Skor_DP]]+Raw_Data[[#This Row],[Skor_Tenor]]+Raw_Data[[#This Row],[Skor_Telat]] -> 5 | AI30: =IF(Raw_Data[[#This Row],[Risk_Score]]<=6,"Low Risk",IF(Raw_Data[[#This Row],[Risk_Score]]<=8,"Medium Risk","High Risk")) -> Low Risk | AJ30: =IFERROR(DATEDIF(Raw_Data[[#This Row],[tanggal_pengajuan]],TODAY(),"m"),"N/A") -> 4 | AK30: =IF(ISNUMBER(Raw_Data[[#This Row],[MOB]]),IF(Raw_Data[[#This Row],[MOB]]<6,"0-5 bulan",IF(Raw_Data[[#This Row],[MOB]]<12,"6-11 bulan",IF(Raw_Data[[#This Row],[MOB]]<24,"12-23 bulan","24+ bulan"))),"N/A") -> 0-5 bulan
A31: KRM00030 | B31: 46170 | C31: =TEXT(B31,"mmmm") -> May | D31: Budi Susanti | E31: 89692011766518 | F31: 27 | G31: Lakilaki | H31: Buruh/Operator | I31: 3659000 | J31: =Raw_Data[[#This Row],[cicilan_per_bulan]]/Raw_Data[[#This Row],[penghasilan_bulanan]] -> 0.27704291 | K31: Balikpapan | L31: Kalimantan Timur | M31: Yamaha | N31: Freego | O31: Matic Mid | P31: 23575000 | Q31: 4715000 | R31: =IF(Raw_Data[[#This Row],[persen_dp]]<15%,"Low",IF(Raw_Data[[#This Row],[persen_dp]]>25%,"High","Medium")) -> Medium | S31: 0.2 | T31: 24 | U31: 0.145 | V31: 1013700 | W31: 24329000 | X31: =IF(OR(Raw_Data[[#This Row],[status_pembayaran]]="Macet",Raw_Data[[#This Row],[status_pembayaran]]="Kurang Lancar"),"Non Performing Loan","Performing") -> Performing | Y31: Lancar | Z31: 0 | AA31: 0 | AB31: 1 | AC31: ok | AD31: =IF(Raw_Data[[#This Row],[rasio]]<0.2,1,IF(Raw_Data[[#This Row],[rasio]]<0.3,2,IF(Raw_Data[[#This Row],[rasio]]<0.4,3,4))) -> 2 | AE31: =IF(Raw_Data[[#This Row],[kategori_dp]]="High",1,IF(Raw_Data[[#This Row],[kategori_dp]]="Medium",2,3)) -> 2 | AF31: =IF(Raw_Data[[#This Row],[tenor_bulan]]<=24,1,IF(Raw_Data[[#This Row],[tenor_bulan]]<=36,2,IF(Raw_Data[[#This Row],[tenor_bulan]]<=48,3,4))) -> 1 | AG31: =IF(Raw_Data[[#This Row],[jumlah_kali_telat]]=0,0,IF(Raw_Data[[#This Row],[jumlah_kali_telat]]<=2,2,4)) -> 0 | AH31: =Raw_Data[[#This Row],[Skor_Rasio]]+Raw_Data[[#This Row],[Skor_DP]]+Raw_Data[[#This Row],[Skor_Tenor]]+Raw_Data[[#This Row],[Skor_Telat]] -> 5 | AI31: =IF(Raw_Data[[#This Row],[Risk_Score]]<=6,"Low Risk",IF(Raw_Data[[#This Row],[Risk_Score]]<=8,"Medium Risk","High Risk")) -> Low Risk | AJ31: =IFERROR(DATEDIF(Raw_Data[[#This Row],[tanggal_pengajuan]],TODAY(),"m"),"N/A") -> 4 | AK31: =IF(ISNUMBER(Raw_Data[[#This Row],[MOB]]),IF(Raw_Data[[#This Row],[MOB]]<6,"0-5 bulan",IF(Raw_Data[[#This Row],[MOB]]<12,"6-11 bulan",IF(Raw_Data[[#This Row],[MOB]]<24,"12-23 bulan","24+ bulan"))),"N/A") -> 0-5 bulan
A32: KRM00031 | B32: 46082 | C32: =TEXT(B32,"mmmm") -> March | D32: Rizky Setiawan | E32: 78422907998797 | F32: 51 | G32: Lakilaki | H32: Petani | I32: 4307000 | J32: =Raw_Data[[#This Row],[cicilan_per_bulan]]/Raw_Data[[#This Row],[penghasilan_bulanan]] -> 0.18263292 | K32: Jakarta Utara | L32: DKI Jakarta | M32: Yamaha | N32: Aerox 155 | O32: Matic Sport | P32: 32189000 | Q32: 4828000 | R32: =IF(Raw_Data[[#This Row],[persen_dp]]<15%,"Low",IF(Raw_Data[[#This Row],[persen_dp]]>25%,"High","Medium")) -> Medium | S32: 0.15 | T32: 60 | U32: 0.145 | V32: 786600 | W32: 47197000 | X32: =IF(OR(Raw_Data[[#This Row],[status_pembayaran]]="Macet",Raw_Data[[#This Row],[status_pembayaran]]="Kurang Lancar"),"Non Performing Loan","Performing") -> Performing | Y32: Lancar | Z32: 0 | AA32: 0 | AB32: 1 | AD32: =IF(Raw_Data[[#This Row],[rasio]]<0.2,1,IF(Raw_Data[[#This Row],[rasio]]<0.3,2,IF(Raw_Data[[#This Row],[rasio]]<0.4,3,4))) -> 1 | AE32: =IF(Raw_Data[[#This Row],[kategori_dp]]="High",1,IF(Raw_Data[[#This Row],[kategori_dp]]="Medium",2,3)) -> 2 | AF32: =IF(Raw_Data[[#This Row],[tenor_bulan]]<=24,1,IF(Raw_Data[[#This Row],[tenor_bulan]]<=36,2,IF(Raw_Data[[#This Row],[tenor_bulan]]<=48,3,4))) -> 4 | AG32: =IF(Raw_Data[[#This Row],[jumlah_kali_telat]]=0,0,IF(Raw_Data[[#This Row],[jumlah_kali_telat]]<=2,2,4)) -> 0 | AH32: =Raw_Data[[#This Row],[Skor_Rasio]]+Raw_Data[[#This Row],[Skor_DP]]+Raw_Data[[#This Row],[Skor_Tenor]]+Raw_Data[[#This Row],[Skor_Telat]] -> 7 | AI32: =IF(Raw_Data[[#This Row],[Risk_Score]]<=6,"Low Risk",IF(Raw_Data[[#This Row],[Risk_Score]]<=8,"Medium Risk","High Risk")) -> Medium Risk | AJ32: =IFERROR(DATEDIF(Raw_Data[[#This Row],[tanggal_pengajuan]],TODAY(),"m"),"N/A") -> 7 | AK32: =IF(ISNUMBER(Raw_Data[[#This Row],[MOB]]),IF(Raw_Data[[#This Row],[MOB]]<6,"0-5 bulan",IF(Raw_Data[[#This Row],[MOB]]<12,"6-11 bulan",IF(Raw_Data[[#This Row],[MOB]]<24,"12-23 bulan","24+ bulan"))),"N/A") -> 6-11 bulan
A33: KRM00032 | B33: 46140 | C33: =TEXT(B33,"mmmm") -> April | D33: Hendra Wijaya | E33: 76521609991186 | F33: 27 | G33: Perempuan | H33: Buruh/Operator | I33: 2990000 | J33: =Raw_Data[[#This Row],[cicilan_per_bulan]]/Raw_Data[[#This Row],[penghasilan_bulanan]] -> 0.42956522 | K33: Bandung | L33: Jawa Barat | M33: Honda | N33: CB150R | O33: Sport | P33: 31648000 | Q33: 12659000 | R33: =IF(Raw_Data[[#This Row],[persen_dp]]<15%,"Low",IF(Raw_Data[[#This Row],[persen_dp]]>25%,"High","Medium")) -> High | S33: 0.4 | T33: 18 | U33: 0.145 | V33: 1284400 | W33: 23119000 | X33: =IF(OR(Raw_Data[[#This Row],[status_pembayaran]]="Macet",Raw_Data[[#This Row],[status_pembayaran]]="Kurang Lancar"),"Non Performing Loan","Performing") -> Performing | Y33: Lancar | Z33: 0 | AA33: 0 | AB33: 1 | AC33: verifikasi | AD33: =IF(Raw_Data[[#This Row],[rasio]]<0.2,1,IF(Raw_Data[[#This Row],[rasio]]<0.3,2,IF(Raw_Data[[#This Row],[rasio]]<0.4,3,4))) -> 4 | AE33: =IF(Raw_Data[[#This Row],[kategori_dp]]="High",1,IF(Raw_Data[[#This Row],[kategori_dp]]="Medium",2,3)) -> 1 | AF33: =IF(Raw_Data[[#This Row],[tenor_bulan]]<=24,1,IF(Raw_Data[[#This Row],[tenor_bulan]]<=36,2,IF(Raw_Data[[#This Row],[tenor_bulan]]<=48,3,4))) -> 1 | AG33: =IF(Raw_Data[[#This Row],[jumlah_kali_telat]]=0,0,IF(Raw_Data[[#This Row],[jumlah_kali_telat]]<=2,2,4)) -> 0 | AH33: =Raw_Data[[#This Row],[Skor_Rasio]]+Raw_Data[[#This Row],[Skor_DP]]+Raw_Data[[#This Row],[Skor_Tenor]]+Raw_Data[[#This Row],[Skor_Telat]] -> 6 | AI33: =IF(Raw_Data[[#This Row],[Risk_Score]]<=6,"Low Risk",IF(Raw_Data[[#This Row],[Risk_Score]]<=8,"Medium Risk","High Risk")) -> Low Risk | AJ33: =IFERROR(DATEDIF(Raw_Data[[#This Row],[tanggal_pengajuan]],TODAY(),"m"),"N/A") -> 5 | AK33: =IF(ISNUMBER(Raw_Data[[#This Row],[MOB]]),IF(Raw_Data[[#This Row],[MOB]]<6,"0-5 bulan",IF(Raw_Data[[#This Row],[MOB]]<12,"6-11 bulan",IF(Raw_Data[[#This Row],[MOB]]<24,"12-23 bulan","24+ bulan"))),"N/A") -> 0-5 bulan
A34: KRM00033 | B34: 46129 | C34: =TEXT(B34,"mmmm") -> April | D34: Rahmat Pratama | E34: 39851005761728 | F34: 32 | G34: Lakilaki | H34: Wiraswasta | I34: 11613000 | J34: =Raw_Data[[#This Row],[cicilan_per_bulan]]/Raw_Data[[#This Row],[penghasilan_bulanan]] -> 0.15886507 | K34: Depok | L34: Jawa Barat | M34: Yamaha | N34: Lexi LX 155 | O34: Matic Mid | P34: 27622000 | Q34: 8287000 | R34: =IF(Raw_Data[[#This Row],[persen_dp]]<15%,"Low",IF(Raw_Data[[#This Row],[persen_dp]]>25%,"High","Medium")) -> High | S34: 0.3 | T34: 12 | U34: 0.145 | V34: 1844900 | W34: 22139000 | X34: =IF(OR(Raw_Data[[#This Row],[status_pembayaran]]="Macet",Raw_Data[[#This Row],[status_pembayaran]]="Kurang Lancar"),"Non Performing Loan","Performing") -> Performing | Y34: Lancar | Z34: 0 | AA34: 0 | AB34: 1 | AC34: approved | AD34: =IF(Raw_Data[[#This Row],[rasio]]<0.2,1,IF(Raw_Data[[#This Row],[rasio]]<0.3,2,IF(Raw_Data[[#This Row],[rasio]]<0.4,3,4))) -> 1 | AE34: =IF(Raw_Data[[#This Row],[kategori_dp]]="High",1,IF(Raw_Data[[#This Row],[kategori_dp]]="Medium",2,3)) -> 1 | AF34: =IF(Raw_Data[[#This Row],[tenor_bulan]]<=24,1,IF(Raw_Data[[#This Row],[tenor_bulan]]<=36,2,IF(Raw_Data[[#This Row],[tenor_bulan]]<=48,3,4))) -> 1 | AG34: =IF(Raw_Data[[#This Row],[jumlah_kali_telat]]=0,0,IF(Raw_Data[[#This Row],[jumlah_kali_telat]]<=2,2,4)) -> 0 | AH34: =Raw_Data[[#This Row],[Skor_Rasio]]+Raw_Data[[#This Row],[Skor_DP]]+Raw_Data[[#This Row],[Skor_Tenor]]+Raw_Data[[#This Row],[Skor_Telat]] -> 3 | AI34: =IF(Raw_Data[[#This Row],[Risk_Score]]<=6,"Low Risk",IF(Raw_Data[[#This Row],[Risk_Score]]<=8,"Medium Risk","High Risk")) -> Low Risk | AJ34: =IFERROR(DATEDIF(Raw_Data[[#This Row],[tanggal_pengajuan]],TODAY(),"m"),"N/A") -> 6 | AK34: =IF(ISNUMBER(Raw_Data[[#This Row],[MOB]]),IF(Raw_Data[[#This Row],[MOB]]<6,"0-5 bulan",IF(Raw_Data[[#This Row],[MOB]]<12,"6-11 bulan",IF(Raw_Data[[#This Row],[MOB]]<24,"12-23 bulan","24+ bulan"))),"N/A") -> 6-11 bulan
A35: KRM00034 | B35: 46106 | C35: =TEXT(B35,"mmmm") -> March | D35: Tidak Diketahui | E35: Invalid | F35: 33 | G35: Perempuan | H35: Wiraswasta | I35: 8936000 | J35: =Raw_Data[[#This Row],[cicilan_per_bulan]]/Raw_Data[[#This Row],[penghasilan_bulanan]] -> 0.10124217 | K35: Malang | L35: Jawa Timur | M35: Yamaha | N35: Freego | O35: Matic Mid | P35: 22443404 | Q35: 5611000 | R35: =IF(Raw_Data[[#This Row],[persen_dp]]<15%,"Low",IF(Raw_Data[[#This Row],[persen_dp]]>25%,"High","Medium")) -> Medium | S35: 0.25 | T35: 24 | U35: 0.145 | V35: 904700 | W35: 21714000 | X35: =IF(OR(Raw_Data[[#This Row],[status_pembayaran]]="Macet",Raw_Data[[#This Row],[status_pembayaran]]="Kurang Lancar"),"Non Performing Loan","Performing") -> Performing | Y35: Lancar | Z35: 0 | AA35: 0 | AB35: 1 | AC35: ok | AD35: =IF(Raw_Data[[#This Row],[rasio]]<0.2,1,IF(Raw_Data[[#This Row],[rasio]]<0.3,2,IF(Raw_Data[[#This Row],[rasio]]<0.4,3,4))) -> 1 | AE35: =IF(Raw_Data[[#This Row],[kategori_dp]]="High",1,IF(Raw_Data[[#This Row],[kategori_dp]]="Medium",2,3)) -> 2 | AF35: =IF(Raw_Data[[#This Row],[tenor_bulan]]<=24,1,IF(Raw_Data[[#This Row],[tenor_bulan]]<=36,2,IF(Raw_Data[[#This Row],[tenor_bulan]]<=48,3,4))) -> 1 | AG35: =IF(Raw_Data[[#This Row],[jumlah_kali_telat]]=0,0,IF(Raw_Data[[#This Row],[jumlah_kali_telat]]<=2,2,4)) -> 0 | AH35: =Raw_Data[[#This Row],[Skor_Rasio]]+Raw_Data[[#This Row],[Skor_DP]]+Raw_Data[[#This Row],[Skor_Tenor]]+Raw_Data[[#This Row],[Skor_Telat]] -> 4 | AI35: =IF(Raw_Data[[#This Row],[Risk_Score]]<=6,"Low Risk",IF(Raw_Data[[#This Row],[Risk_Score]]<=8,"Medium Risk","High Risk")) -> Low Risk | AJ35: =IFERROR(DATEDIF(Raw_Data[[#This Row],[tanggal_pengajuan]],TODAY(),"m"),"N/A") -> 6 | AK35: =IF(ISNUMBER(Raw_Data[[#This Row],[MOB]]),IF(Raw_Data[[#This Row],[MOB]]<6,"0-5 bulan",IF(Raw_Data[[#This Row],[MOB]]<12,"6-11 bulan",IF(Raw_Data[[#This Row],[MOB]]<24,"12-23 bulan","24+ bulan"))),"N/A") -> 6-11 bulan
A36: KRM00035 | B36: 46188 | C36: =TEXT(B36,"mmmm") -> June | D36: Tri Kusuma | E36: 70532902829559 | F36: 41 | G36: Perempuan | H36: Pns | I36: 6445000 | J36: =Raw_Data[[#This Row],[cicilan_per_bulan]]/Raw_Data[[#This Row],[penghasilan_bulanan]] -> 0.17010085 | K36: Jakarta Utara | L36: DKI Jakarta | M36: Yamaha | N36: Mio M3 | O36: Matic Entry | P36: 17676000 | Q36: 6186000 | R36: =IF(Raw_Data[[#This Row],[persen_dp]]<15%,"Low",IF(Raw_Data[[#This Row],[persen_dp]]>25%,"High","Medium")) -> High | S36: 0.35 | T36: 12 | U36: 0.145 | V36: 1096300 | W36: 13156000 | X36: =IF(OR(Raw_Data[[#This Row],[status_pembayaran]]="Macet",Raw_Data[[#This Row],[status_pembayaran]]="Kurang Lancar"),"Non Performing Loan","Performing") -> Performing | Y36: Lancar | Z36: 0 | AA36: 0 | AB36: 1 | AC36: survey ulang | AD36: =IF(Raw_Data[[#This Row],[rasio]]<0.2,1,IF(Raw_Data[[#This Row],[rasio]]<0.3,2,IF(Raw_Data[[#This Row],[rasio]]<0.4,3,4))) -> 1 | AE36: =IF(Raw_Data[[#This Row],[kategori_dp]]="High",1,IF(Raw_Data[[#This Row],[kategori_dp]]="Medium",2,3)) -> 1 | AF36: =IF(Raw_Data[[#This Row],[tenor_bulan]]<=24,1,IF(Raw_Data[[#This Row],[tenor_bulan]]<=36,2,IF(Raw_Data[[#This Row],[tenor_bulan]]<=48,3,4))) -> 1 | AG36: =IF(Raw_Data[[#This Row],[jumlah_kali_telat]]=0,0,IF(Raw_Data[[#This Row],[jumlah_kali_telat]]<=2,2,4)) -> 0 | AH36: =Raw_Data[[#This Row],[Skor_Rasio]]+Raw_Data[[#This Row],[Skor_DP]]+Raw_Data[[#This Row],[Skor_Tenor]]+Raw_Data[[#This Row],[Skor_Telat]] -> 3 | AI36: =IF(Raw_Data[[#This Row],[Risk_Score]]<=6,"Low Risk",IF(Raw_Data[[#This Row],[Risk_Score]]<=8,"Medium Risk","High Risk")) -> Low Risk | AJ36: =IFERROR(DATEDIF(Raw_Data[[#This Row],[tanggal_pengajuan]],TODAY(),"m"),"N/A") -> 4 | AK36: =IF(ISNUMBER(Raw_Data[[#This Row],[MOB]]),IF(Raw_Data[[#This Row],[MOB]]<6,"0-5 bulan",IF(Raw_Data[[#This Row],[MOB]]<12,"6-11 bulan",IF(Raw_Data[[#This Row],[MOB]]<24,"12-23 bulan","24+ bulan"))),"N/A") -> 0-5 bulan
A37: KRM00036 | B37: 46088 | C37: =TEXT(B37,"mmmm") -> March | D37: Fitriani Nugroho | E37: 62361310631473 | F37: 50 | G37: Lakilaki | H37: Wiraswasta | I37: 13430000 | J37: =Raw_Data[[#This Row],[cicilan_per_bulan]]/Raw_Data[[#This Row],[penghasilan_bulanan]] -> 0.093708116 | K37: Balikpapan | L37: Kalimantan Timur | M37: Yamaha | N37: Aerox 155 | O37: Matic Sport | P37: 31012000 | Q37: 12405000 | R37: =IF(Raw_Data[[#This Row],[persen_dp]]<15%,"Low",IF(Raw_Data[[#This Row],[persen_dp]]>25%,"High","Medium")) -> High | S37: 0.4 | T37: 18 | U37: 0.145 | V37: 1258500 | W37: 22653000 | X37: =IF(OR(Raw_Data[[#This Row],[status_pembayaran]]="Macet",Raw_Data[[#This Row],[status_pembayaran]]="Kurang Lancar"),"Non Performing Loan","Performing") -> Performing | Y37: Lancar | Z37: 0 | AA37: 0 | AB37: 1 | AC37: ok | AD37: =IF(Raw_Data[[#This Row],[rasio]]<0.2,1,IF(Raw_Data[[#This Row],[rasio]]<0.3,2,IF(Raw_Data[[#This Row],[rasio]]<0.4,3,4))) -> 1 | AE37: =IF(Raw_Data[[#This Row],[kategori_dp]]="High",1,IF(Raw_Data[[#This Row],[kategori_dp]]="Medium",2,3)) -> 1 | AF37: =IF(Raw_Data[[#This Row],[tenor_bulan]]<=24,1,IF(Raw_Data[[#This Row],[tenor_bulan]]<=36,2,IF(Raw_Data[[#This Row],[tenor_bulan]]<=48,3,4))) -> 1 | AG37: =IF(Raw_Data[[#This Row],[jumlah_kali_telat]]=0,0,IF(Raw_Data[[#This Row],[jumlah_kali_telat]]<=2,2,4)) -> 0 | AH37: =Raw_Data[[#This Row],[Skor_Rasio]]+Raw_Data[[#This Row],[Skor_DP]]+Raw_Data[[#This Row],[Skor_Tenor]]+Raw_Data[[#This Row],[Skor_Telat]] -> 3 | AI37: =IF(Raw_Data[[#This Row],[Risk_Score]]<=6,"Low Risk",IF(Raw_Data[[#This Row],[Risk_Score]]<=8,"Medium Risk","High Risk")) -> Low Risk | AJ37: =IFERROR(DATEDIF(Raw_Data[[#This Row],[tanggal_pengajuan]],TODAY(),"m"),"N/A") -> 7 | AK37: =IF(ISNUMBER(Raw_Data[[#This Row],[MOB]]),IF(Raw_Data[[#This Row],[MOB]]<6,"0-5 bulan",IF(Raw_Data[[#This Row],[MOB]]<12,"6-11 bulan",IF(Raw_Data[[#This Row],[MOB]]<24,"12-23 bulan","24+ bulan"))),"N/A") -> 6-11 bulan
A38: KRM00037 | B38: 46148 | C38: =TEXT(B38,"mmmm") -> May | D38: Fitra Setiawan | E38: 60792209899832 | F38: 33 | G38: Lakilaki | H38: Tni/Polri | I38: 6041000 | J38: =Raw_Data[[#This Row],[cicilan_per_bulan]]/Raw_Data[[#This Row],[penghasilan_bulanan]] -> 0.23284224 | K38: Bekasi | L38: Jawa Barat | M38: Yamaha | N38: R15 | O38: Sport | P38: 43614000 | Q38: 17446000 | R38: =IF(Raw_Data[[#This Row],[persen_dp]]<15%,"Low",IF(Raw_Data[[#This Row],[persen_dp]]>25%,"High","Medium")) -> High | S38: 0.4 | T38: 24 | U38: 0.145 | V38: 1406600 | W38: 33757000 | X38: =IF(OR(Raw_Data[[#This Row],[status_pembayaran]]="Macet",Raw_Data[[#This Row],[status_pembayaran]]="Kurang Lancar"),"Non Performing Loan","Performing") -> Performing | Y38: Lancar | Z38: 0 | AA38: 0 | AB38: 1 | AD38: =IF(Raw_Data[[#This Row],[rasio]]<0.2,1,IF(Raw_Data[[#This Row],[rasio]]<0.3,2,IF(Raw_Data[[#This Row],[rasio]]<0.4,3,4))) -> 2 | AE38: =IF(Raw_Data[[#This Row],[kategori_dp]]="High",1,IF(Raw_Data[[#This Row],[kategori_dp]]="Medium",2,3)) -> 1 | AF38: =IF(Raw_Data[[#This Row],[tenor_bulan]]<=24,1,IF(Raw_Data[[#This Row],[tenor_bulan]]<=36,2,IF(Raw_Data[[#This Row],[tenor_bulan]]<=48,3,4))) -> 1 | AG38: =IF(Raw_Data[[#This Row],[jumlah_kali_telat]]=0,0,IF(Raw_Data[[#This Row],[jumlah_kali_telat]]<=2,2,4)) -> 0 | AH38: =Raw_Data[[#This Row],[Skor_Rasio]]+Raw_Data[[#This Row],[Skor_DP]]+Raw_Data[[#This Row],[Skor_Tenor]]+Raw_Data[[#This Row],[Skor_Telat]] -> 4 | AI38: =IF(Raw_Data[[#This Row],[Risk_Score]]<=6,"Low Risk",IF(Raw_Data[[#This Row],[Risk_Score]]<=8,"Medium Risk","High Risk")) -> Low Risk | AJ38: =IFERROR(DATEDIF(Raw_Data[[#This Row],[tanggal_pengajuan]],TODAY(),"m"),"N/A") -> 5 | AK38: =IF(ISNUMBER(Raw_Data[[#This Row],[MOB]]),IF(Raw_Data[[#This Row],[MOB]]<6,"0-5 bulan",IF(Raw_Data[[#This Row],[MOB]]<12,"6-11 bulan",IF(Raw_Data[[#This Row],[MOB]]<24,"12-23 bulan","24+ bulan"))),"N/A") -> 0-5 bulan
A39: KRM00038 | B39: 46031 | C39: =TEXT(B39,"mmmm") -> January | D39: Nia Fauzi | E39: 42401809946843 | F39: 29 | G39: Lakilaki | H39: Wiraswasta | I39: 4202000 | J39: =Raw_Data[[#This Row],[cicilan_per_bulan]]/Raw_Data[[#This Row],[penghasilan_bulanan]] -> 0.12520228 | K39: Pekanbaru | L39: Riau | M39: Honda | N39: Vario 160 | O39: Matic Mid | P39: 30497000 | Q39: 12199000 | R39: =IF(Raw_Data[[#This Row],[persen_dp]]<15%,"Low",IF(Raw_Data[[#This Row],[persen_dp]]>25%,"High","Medium")) -> High | S39: 0.4 | T39: 60 | U39: 0.145 | V39: 526100 | W39: 31563000 | X39: =IF(OR(Raw_Data[[#This Row],[status_pembayaran]]="Macet",Raw_Data[[#This Row],[status_pembayaran]]="Kurang Lancar"),"Non Performing Loan","Performing") -> Performing | Y39: Lancar | Z39: 0 | AA39: 0 | AB39: 1 | AD39: =IF(Raw_Data[[#This Row],[rasio]]<0.2,1,IF(Raw_Data[[#This Row],[rasio]]<0.3,2,IF(Raw_Data[[#This Row],[rasio]]<0.4,3,4))) -> 1 | AE39: =IF(Raw_Data[[#This Row],[kategori_dp]]="High",1,IF(Raw_Data[[#This Row],[kategori_dp]]="Medium",2,3)) -> 1 | AF39: =IF(Raw_Data[[#This Row],[tenor_bulan]]<=24,1,IF(Raw_Data[[#This Row],[tenor_bulan]]<=36,2,IF(Raw_Data[[#This Row],[tenor_bulan]]<=48,3,4))) -> 4 | AG39: =IF(Raw_Data[[#This Row],[jumlah_kali_telat]]=0,0,IF(Raw_Data[[#This Row],[jumlah_kali_telat]]<=2,2,4)) -> 0 | AH39: =Raw_Data[[#This Row],[Skor_Rasio]]+Raw_Data[[#This Row],[Skor_DP]]+Raw_Data[[#This Row],[Skor_Tenor]]+Raw_Data[[#This Row],[Skor_Telat]] -> 6 | AI39: =IF(Raw_Data[[#This Row],[Risk_Score]]<=6,"Low Risk",IF(Raw_Data[[#This Row],[Risk_Score]]<=8,"Medium Risk","High Risk")) -> Low Risk | AJ39: =IFERROR(DATEDIF(Raw_Data[[#This Row],[tanggal_pengajuan]],TODAY(),"m"),"N/A") -> 9 | AK39: =IF(ISNUMBER(Raw_Data[[#This Row],[MOB]]),IF(Raw_Data[[#This Row],[MOB]]<6,"0-5 bulan",IF(Raw_Data[[#This Row],[MOB]]<12,"6-11 bulan",IF(Raw_Data[[#This Row],[MOB]]<24,"12-23 bulan","24+ bulan"))),"N/A") -> 6-11 bulan
A40: KRM00039 | B40: 46162 | C40: =TEXT(B40,"mmmm") -> May | D40: Fitriani Utami | E40: 75461208937664 | F40: 30 | G40: Lakilaki | H40: Karyawan Swasta | I40: 5949000 | J40: =Raw_Data[[#This Row],[cicilan_per_bulan]]/Raw_Data[[#This Row],[penghasilan_bulanan]] -> 0.082081022 | K40: Bekasi | L40: Jawa Barat | M40: Honda | N40: Genio | O40: Matic Entry | P40: 19778000 | Q40: 4945000 | R40: =IF(Raw_Data[[#This Row],[persen_dp]]<15%,"Low",IF(Raw_Data[[#This Row],[persen_dp]]>25%,"High","Medium")) -> Medium | S40: 0.25 | T40: 48 | U40: 0.145 | V40: 488300 | W40: 23436000 | X40: =IF(OR(Raw_Data[[#This Row],[status_pembayaran]]="Macet",Raw_Data[[#This Row],[status_pembayaran]]="Kurang Lancar"),"Non Performing Loan","Performing") -> Performing | Y40: Lancar | Z40: 0 | AA40: 0 | AB40: 1 | AD40: =IF(Raw_Data[[#This Row],[rasio]]<0.2,1,IF(Raw_Data[[#This Row],[rasio]]<0.3,2,IF(Raw_Data[[#This Row],[rasio]]<0.4,3,4))) -> 1 | AE40: =IF(Raw_Data[[#This Row],[kategori_dp]]="High",1,IF(Raw_Data[[#This Row],[kategori_dp]]="Medium",2,3)) -> 2 | AF40: =IF(Raw_Data[[#This Row],[tenor_bulan]]<=24,1,IF(Raw_Data[[#This Row],[tenor_bulan]]<=36,2,IF(Raw_Data[[#This Row],[tenor_bulan]]<=48,3,4))) -> 3 | AG40: =IF(Raw_Data[[#This Row],[jumlah_kali_telat]]=0,0,IF(Raw_Data[[#This Row],[jumlah_kali_telat]]<=2,2,4)) -> 0 | AH40: =Raw_Data[[#This Row],[Skor_Rasio]]+Raw_Data[[#This Row],[Skor_DP]]+Raw_Data[[#This Row],[Skor_Tenor]]+Raw_Data[[#This Row],[Skor_Telat]] -> 6 | AI40: =IF(Raw_Data[[#This Row],[Risk_Score]]<=6,"Low Risk",IF(Raw_Data[[#This Row],[Risk_Score]]<=8,"Medium Risk","High Risk")) -> Low Risk | AJ40: =IFERROR(DATEDIF(Raw_Data[[#This Row],[tanggal_pengajuan]],TODAY(),"m"),"N/A") -> 5 | AK40: =IF(ISNUMBER(Raw_Data[[#This Row],[MOB]]),IF(Raw_Data[[#This Row],[MOB]]<6,"0-5 bulan",IF(Raw_Data[[#This Row],[MOB]]<12,"6-11 bulan",IF(Raw_Data[[#This Row],[MOB]]<24,"12-23 bulan","24+ bulan"))),"N/A") -> 0-5 bulan
A41: KRM00040 | B41: Data Tidak Lengkap | C41: =TEXT(B41,"mmmm") -> Data Tidak Lengkap | D41: Tidak Diketahui | E41: Data Tidak Lengkap | F41: 33 | G41: Lakilaki | H41: Wiraswasta | I41: 8936000 | J41: =Raw_Data[[#This Row],[cicilan_per_bulan]]/Raw_Data[[#This Row],[penghasilan_bulanan]] -> 0.077137422 | K41: Tidak Diketahui | L41: DKI Jakarta | M41: Yamaha | N41: MT15 | O41: Sport Naked | P41: 36882996 | Q41: 12909000 | R41: =IF(Raw_Data[[#This Row],[persen_dp]]<15%,"Low",IF(Raw_Data[[#This Row],[persen_dp]]>25%,"High","Medium")) -> High | S41: 0.35 | T41: 60 | U41: 0.145 | V41: 689300 | W41: 41355000 | X41: =IF(OR(Raw_Data[[#This Row],[status_pembayaran]]="Macet",Raw_Data[[#This Row],[status_pembayaran]]="Kurang Lancar"),"Non Performing Loan","Performing") -> Performing | Y41: lancar | Z41: 0 | AA41: 0 | AB41: 1 | AC41: verifikasi | AD41: =IF(Raw_Data[[#This Row],[rasio]]<0.2,1,IF(Raw_Data[[#This Row],[rasio]]<0.3,2,IF(Raw_Data[[#This Row],[rasio]]<0.4,3,4))) -> 1 | AE41: =IF(Raw_Data[[#This Row],[kategori_dp]]="High",1,IF(Raw_Data[[#This Row],[kategori_dp]]="Medium",2,3)) -> 1 | AF41: =IF(Raw_Data[[#This Row],[tenor_bulan]]<=24,1,IF(Raw_Data[[#This Row],[tenor_bulan]]<=36,2,IF(Raw_Data[[#This Row],[tenor_bulan]]<=48,3,4))) -> 4 | AG41: =IF(Raw_Data[[#This Row],[jumlah_kali_telat]]=0,0,IF(Raw_Data[[#This Row],[jumlah_kali_telat]]<=2,2,4)) -> 0 | AH41: =Raw_Data[[#This Row],[Skor_Rasio]]+Raw_Data[[#This Row],[Skor_DP]]+Raw_Data[[#This Row],[Skor_Tenor]]+Raw_Data[[#This Row],[Skor_Telat]] -> 6 | AI41: =IF(Raw_Data[[#This Row],[Risk_Score]]<=6,"Low Risk",IF(Raw_Data[[#This Row],[Risk_Score]]<=8,"Medium Risk","High Risk")) -> Low Risk | AJ41: =IFERROR(DATEDIF(Raw_Data[[#This Row],[tanggal_pengajuan]],TODAY(),"m"),"N/A") -> N/A | AK41: =IF(ISNUMBER(Raw_Data[[#This Row],[MOB]]),IF(Raw_Data[[#This Row],[MOB]]<6,"0-5 bulan",IF(Raw_Data[[#This Row],[MOB]]<12,"6-11 bulan",IF(Raw_Data[[#This Row],[MOB]]<24,"12-23 bulan","24+ bulan"))),"N/A") -> N/A
A42: KRM00041 | B42: 46131 | C42: =TEXT(B42,"mmmm") -> April | D42: Hendra Kurniawan | E42: 48131911978216 | F42: 56 | G42: Perempuan | H42: Freelancer | I42: 4064000 | J42: =Raw_Data[[#This Row],[cicilan_per_bulan]]/Raw_Data[[#This Row],[penghasilan_bulanan]] -> 0.36943898 | K42: Makassar | L42: Sulawesi Selatan | M42: Honda | N42: CB150R | O42: Sport | P42: 31711000 | Q42: 9513000 | R42: =IF(Raw_Data[[#This Row],[persen_dp]]<15%,"Low",IF(Raw_Data[[#This Row],[persen_dp]]>25%,"High","Medium")) -> High | S42: 0.3 | T42: 18 | U42: 0.145 | V42: 1501400 | W42: 27026000 | X42: =IF(OR(Raw_Data[[#This Row],[status_pembayaran]]="Macet",Raw_Data[[#This Row],[status_pembayaran]]="Kurang Lancar"),"Non Performing Loan","Performing") -> Performing | Y42: Lancar | Z42: 0 | AA42: 0 | AB42: 1 | AD42: =IF(Raw_Data[[#This Row],[rasio]]<0.2,1,IF(Raw_Data[[#This Row],[rasio]]<0.3,2,IF(Raw_Data[[#This Row],[rasio]]<0.4,3,4))) -> 3 | AE42: =IF(Raw_Data[[#This Row],[kategori_dp]]="High",1,IF(Raw_Data[[#This Row],[kategori_dp]]="Medium",2,3)) -> 1 | AF42: =IF(Raw_Data[[#This Row],[tenor_bulan]]<=24,1,IF(Raw_Data[[#This Row],[tenor_bulan]]<=36,2,IF(Raw_Data[[#This Row],[tenor_bulan]]<=48,3,4))) -> 1 | AG42: =IF(Raw_Data[[#This Row],[jumlah_kali_telat]]=0,0,IF(Raw_Data[[#This Row],[jumlah_kali_telat]]<=2,2,4)) -> 0 | AH42: =Raw_Data[[#This Row],[Skor_Rasio]]+Raw_Data[[#This Row],[Skor_DP]]+Raw_Data[[#This Row],[Skor_Tenor]]+Raw_Data[[#This Row],[Skor_Telat]] -> 5 | AI42: =IF(Raw_Data[[#This Row],[Risk_Score]]<=6,"Low Risk",IF(Raw_Data[[#This Row],[Risk_Score]]<=8,"Medium Risk","High Risk")) -> Low Risk | AJ42: =IFERROR(DATEDIF(Raw_Data[[#This Row],[tanggal_pengajuan]],TODAY(),"m"),"N/A") -> 6 | AK42: =IF(ISNUMBER(Raw_Data[[#This Row],[MOB]]),IF(Raw_Data[[#This Row],[MOB]]<6,"0-5 bulan",IF(Raw_Data[[#This Row],[MOB]]<12,"6-11 bulan",IF(Raw_Data[[#This Row],[MOB]]<24,"12-23 bulan","24+ bulan"))),"N/A") -> 6-11 bulan
A43: KRM00042 | B43: 46271 | C43: =TEXT(B43,"mmmm") -> September | D43: Nurul Hartono | E43: 66511607519960 | F43: 30 | G43: Perempuan | H43: Pns | I43: 6268000 | J43: =Raw_Data[[#This Row],[cicilan_per_bulan]]/Raw_Data[[#This Row],[penghasilan_bulanan]] -> 0.24379387 | K43: Jakarta Timur | L43: DKI Jakarta | M43: Honda | N43: ADV 160 | O43: Adventure | P43: 43738000 | Q43: 15308000 | R43: =IF(Raw_Data[[#This Row],[persen_dp]]<15%,"Low",IF(Raw_Data[[#This Row],[persen_dp]]>25%,"High","Medium")) -> High | S43: 0.35 | T43: 24 | U43: 0.145 | V43: 1528100 | W43: 36674000 | X43: =IF(OR(Raw_Data[[#This Row],[status_pembayaran]]="Macet",Raw_Data[[#This Row],[status_pembayaran]]="Kurang Lancar"),"Non Performing Loan","Performing") -> Performing | Y43: Lancar | Z43: 0 | AA43: 0 | AB43: 1 | AC43: survey ulang | AD43: =IF(Raw_Data[[#This Row],[rasio]]<0.2,1,IF(Raw_Data[[#This Row],[rasio]]<0.3,2,IF(Raw_Data[[#This Row],[rasio]]<0.4,3,4))) -> 2 | AE43: =IF(Raw_Data[[#This Row],[kategori_dp]]="High",1,IF(Raw_Data[[#This Row],[kategori_dp]]="Medium",2,3)) -> 1 | AF43: =IF(Raw_Data[[#This Row],[tenor_bulan]]<=24,1,IF(Raw_Data[[#This Row],[tenor_bulan]]<=36,2,IF(Raw_Data[[#This Row],[tenor_bulan]]<=48,3,4))) -> 1 | AG43: =IF(Raw_Data[[#This Row],[jumlah_kali_telat]]=0,0,IF(Raw_Data[[#This Row],[jumlah_kali_telat]]<=2,2,4)) -> 0 | AH43: =Raw_Data[[#This Row],[Skor_Rasio]]+Raw_Data[[#This Row],[Skor_DP]]+Raw_Data[[#This Row],[Skor_Tenor]]+Raw_Data[[#This Row],[Skor_Telat]] -> 4 | AI43: =IF(Raw_Data[[#This Row],[Risk_Score]]<=6,"Low Risk",IF(Raw_Data[[#This Row],[Risk_Score]]<=8,"Medium Risk","High Risk")) -> Low Risk | AJ43: =IFERROR(DATEDIF(Raw_Data[[#This Row],[tanggal_pengajuan]],TODAY(),"m"),"N/A") -> 1 | AK43: =IF(ISNUMBER(Raw_Data[[#This Row],[MOB]]),IF(Raw_Data[[#This Row],[MOB]]<6,"0-5 bulan",IF(Raw_Data[[#This Row],[MOB]]<12,"6-11 bulan",IF(Raw_Data[[#This Row],[MOB]]<24,"12-23 bulan","24+ bulan"))),"N/A") -> 0-5 bulan
A44: KRM00043 | B44: 46113 | C44: =TEXT(B44,"mmmm") -> April | D44: Agus Pratama | E44: 76841706797183 | F44: 58 | G44: Perempuan | H44: Karyawan Swasta | I44: 6111000 | J44: =Raw_Data[[#This Row],[cicilan_per_bulan]]/Raw_Data[[#This Row],[penghasilan_bulanan]] -> 0.18186876 | K44: Denpasar | L44: Bali | M44: Yamaha | N44: NMAX 155 | O44: Matic Premium | P44: 34462000 | Q44: 13785000 | R44: =IF(Raw_Data[[#This Row],[persen_dp]]<15%,"Low",IF(Raw_Data[[#This Row],[persen_dp]]>25%,"High","Medium")) -> High | S44: 0.4 | T44: 24 | U44: 0.145 | V44: 1111400 | W44: 26673000 | X44: =IF(OR(Raw_Data[[#This Row],[status_pembayaran]]="Macet",Raw_Data[[#This Row],[status_pembayaran]]="Kurang Lancar"),"Non Performing Loan","Performing") -> Performing | Y44: Lancar | Z44: 0 | AA44: 0 | AB44: 1 | AC44: data kurang | AD44: =IF(Raw_Data[[#This Row],[rasio]]<0.2,1,IF(Raw_Data[[#This Row],[rasio]]<0.3,2,IF(Raw_Data[[#This Row],[rasio]]<0.4,3,4))) -> 1 | AE44: =IF(Raw_Data[[#This Row],[kategori_dp]]="High",1,IF(Raw_Data[[#This Row],[kategori_dp]]="Medium",2,3)) -> 1 | AF44: =IF(Raw_Data[[#This Row],[tenor_bulan]]<=24,1,IF(Raw_Data[[#This Row],[tenor_bulan]]<=36,2,IF(Raw_Data[[#This Row],[tenor_bulan]]<=48,3,4))) -> 1 | AG44: =IF(Raw_Data[[#This Row],[jumlah_kali_telat]]=0,0,IF(Raw_Data[[#This Row],[jumlah_kali_telat]]<=2,2,4)) -> 0 | AH44: =Raw_Data[[#This Row],[Skor_Rasio]]+Raw_Data[[#This Row],[Skor_DP]]+Raw_Data[[#This Row],[Skor_Tenor]]+Raw_Data[[#This Row],[Skor_Telat]] -> 3 | AI44: =IF(Raw_Data[[#This Row],[Risk_Score]]<=6,"Low Risk",IF(Raw_Data[[#This Row],[Risk_Score]]<=8,"Medium Risk","High Risk")) -> Low Risk | AJ44: =IFERROR(DATEDIF(Raw_Data[[#This Row],[tanggal_pengajuan]],TODAY(),"m"),"N/A") -> 6 | AK44: =IF(ISNUMBER(Raw_Data[[#This Row],[MOB]]),IF(Raw_Data[[#This Row],[MOB]]<6,"0-5 bulan",IF(Raw_Data[[#This Row],[MOB]]<12,"6-11 bulan",IF(Raw_Data[[#This Row],[MOB]]<24,"12-23 bulan","24+ bulan"))),"N/A") -> 6-11 bulan
A45: KRM00044 | B45: 46158 | C45: =TEXT(B45,"mmmm") -> May | D45: Fajar Rahayu | E45: 37592801549644 | F45: 49 | G45: Lakilaki | H45: Karyawan Swasta | I45: 6411000 | J45: =Raw_Data[[#This Row],[cicilan_per_bulan]]/Raw_Data[[#This Row],[penghasilan_bulanan]] -> 0.072890345 | K45: Semarang | L45: Jawa Tengah | M45: Honda | N45: Scoopy | O45: Matic Stylish | P45: 23662000 | Q45: 9465000 | R45: =IF(Raw_Data[[#This Row],[persen_dp]]<15%,"Low",IF(Raw_Data[[#This Row],[persen_dp]]>25%,"High","Medium")) -> High | S45: 0.4 | T45: 48 | U45: 0.145 | V45: 467300 | W45: 22431000 | X45: =IF(OR(Raw_Data[[#This Row],[status_pembayaran]]="Macet",Raw_Data[[#This Row],[status_pembayaran]]="Kurang Lancar"),"Non Performing Loan","Performing") -> Performing | Y45: Lancar | Z45: 0 | AA45: 0 | AB45: 1 | AC45: ok | AD45: =IF(Raw_Data[[#This Row],[rasio]]<0.2,1,IF(Raw_Data[[#This Row],[rasio]]<0.3,2,IF(Raw_Data[[#This Row],[rasio]]<0.4,3,4))) -> 1 | AE45: =IF(Raw_Data[[#This Row],[kategori_dp]]="High",1,IF(Raw_Data[[#This Row],[kategori_dp]]="Medium",2,3)) -> 1 | AF45: =IF(Raw_Data[[#This Row],[tenor_bulan]]<=24,1,IF(Raw_Data[[#This Row],[tenor_bulan]]<=36,2,IF(Raw_Data[[#This Row],[tenor_bulan]]<=48,3,4))) -> 3 | AG45: =IF(Raw_Data[[#This Row],[jumlah_kali_telat]]=0,0,IF(Raw_Data[[#This Row],[jumlah_kali_telat]]<=2,2,4)) -> 0 | AH45: =Raw_Data[[#This Row],[Skor_Rasio]]+Raw_Data[[#This Row],[Skor_DP]]+Raw_Data[[#This Row],[Skor_Tenor]]+Raw_Data[[#This Row],[Skor_Telat]] -> 5 | AI45: =IF(Raw_Data[[#This Row],[Risk_Score]]<=6,"Low Risk",IF(Raw_Data[[#This Row],[Risk_Score]]<=8,"Medium Risk","High Risk")) -> Low Risk | AJ45: =IFERROR(DATEDIF(Raw_Data[[#This Row],[tanggal_pengajuan]],TODAY(),"m"),"N/A") -> 5 | AK45: =IF(ISNUMBER(Raw_Data[[#This Row],[MOB]]),IF(Raw_Data[[#This Row],[MOB]]<6,"0-5 bulan",IF(Raw_Data[[#This Row],[MOB]]<12,"6-11 bulan",IF(Raw_Data[[#This Row],[MOB]]<24,"12-23 bulan","24+ bulan"))),"N/A") -> 0-5 bulan
A46: KRM00045 | B46: 46062 | C46: =TEXT(B46,"mmmm") -> February | D46: Dewi Purnama | E46: 38521509661298 | F46: 23 | G46: Lakilaki | H46: Karyawan Swasta | I46: 6647000 | J46: =Raw_Data[[#This Row],[cicilan_per_bulan]]/Raw_Data[[#This Row],[penghasilan_bulanan]] -> 0.073281179 | K46: Palembang | L46: Sumatera Selatan | M46: TVS | N46: Dazz | O46: Matic Entry | P46: 16441000 | Q46: 1644000 | R46: =IF(Raw_Data[[#This Row],[persen_dp]]<15%,"Low",IF(Raw_Data[[#This Row],[persen_dp]]>25%,"High","Medium")) -> Low | S46: 0.1 | T46: 48 | U46: 0.145 | V46: 487100 | W46: 23379000 | X46: =IF(OR(Raw_Data[[#This Row],[status_pembayaran]]="Macet",Raw_Data[[#This Row],[status_pembayaran]]="Kurang Lancar"),"Non Performing Loan","Performing") -> Performing | Y46: Lancar | Z46: 0 | AA46: 0 | AB46: 1 | AC46: survey ulang | AD46: =IF(Raw_Data[[#This Row],[rasio]]<0.2,1,IF(Raw_Data[[#This Row],[rasio]]<0.3,2,IF(Raw_Data[[#This Row],[rasio]]<0.4,3,4))) -> 1 | AE46: =IF(Raw_Data[[#This Row],[kategori_dp]]="High",1,IF(Raw_Data[[#This Row],[kategori_dp]]="Medium",2,3)) -> 3 | AF46: =IF(Raw_Data[[#This Row],[tenor_bulan]]<=24,1,IF(Raw_Data[[#This Row],[tenor_bulan]]<=36,2,IF(Raw_Data[[#This Row],[tenor_bulan]]<=48,3,4))) -> 3 | AG46: =IF(Raw_Data[[#This Row],[jumlah_kali_telat]]=0,0,IF(Raw_Data[[#This Row],[jumlah_kali_telat]]<=2,2,4)) -> 0 | AH46: =Raw_Data[[#This Row],[Skor_Rasio]]+Raw_Data[[#This Row],[Skor_DP]]+Raw_Data[[#This Row],[Skor_Tenor]]+Raw_Data[[#This Row],[Skor_Telat]] -> 7 | AI46: =IF(Raw_Data[[#This Row],[Risk_Score]]<=6,"Low Risk",IF(Raw_Data[[#This Row],[Risk_Score]]<=8,"Medium Risk","High Risk")) -> Medium Risk | AJ46: =IFERROR(DATEDIF(Raw_Data[[#This Row],[tanggal_pengajuan]],TODAY(),"m"),"N/A") -> 8 | AK46: =IF(ISNUMBER(Raw_Data[[#This Row],[MOB]]),IF(Raw_Data[[#This Row],[MOB]]<6,"0-5 bulan",IF(Raw_Data[[#This Row],[MOB]]<12,"6-11 bulan",IF(Raw_Data[[#This Row],[MOB]]<24,"12-23 bulan","24+ bulan"))),"N/A") -> 6-11 bulan
A47: KRM00046 | B47: 46085 | C47: =TEXT(B47,"mmmm") -> March | D47: Fitra Setiawan | E47: 65311108654019 | F47: 49 | G47: Lakilaki | H47: Karyawan Swasta | I47: 5347000 | J47: =Raw_Data[[#This Row],[cicilan_per_bulan]]/Raw_Data[[#This Row],[penghasilan_bulanan]] -> 0.11830933 | K47: Makassar | L47: Sulawesi Selatan | M47: Honda | N47: Vario 160 | O47: Matic Mid | P47: 29340000 | Q47: 7335000 | R47: =IF(Raw_Data[[#This Row],[persen_dp]]<15%,"Low",IF(Raw_Data[[#This Row],[persen_dp]]>25%,"High","Medium")) -> Medium | S47: 0.25 | T47: 60 | U47: 0.145 | V47: 632600 | W47: 37958000 | X47: =IF(OR(Raw_Data[[#This Row],[status_pembayaran]]="Macet",Raw_Data[[#This Row],[status_pembayaran]]="Kurang Lancar"),"Non Performing Loan","Performing") -> Performing | Y47: Lancar | Z47: 0 | AA47: 0 | AB47: 1 | AC47: approved | AD47: =IF(Raw_Data[[#This Row],[rasio]]<0.2,1,IF(Raw_Data[[#This Row],[rasio]]<0.3,2,IF(Raw_Data[[#This Row],[rasio]]<0.4,3,4))) -> 1 | AE47: =IF(Raw_Data[[#This Row],[kategori_dp]]="High",1,IF(Raw_Data[[#This Row],[kategori_dp]]="Medium",2,3)) -> 2 | AF47: =IF(Raw_Data[[#This Row],[tenor_bulan]]<=24,1,IF(Raw_Data[[#This Row],[tenor_bulan]]<=36,2,IF(Raw_Data[[#This Row],[tenor_bulan]]<=48,3,4))) -> 4 | AG47: =IF(Raw_Data[[#This Row],[jumlah_kali_telat]]=0,0,IF(Raw_Data[[#This Row],[jumlah_kali_telat]]<=2,2,4)) -> 0 | AH47: =Raw_Data[[#This Row],[Skor_Rasio]]+Raw_Data[[#This Row],[Skor_DP]]+Raw_Data[[#This Row],[Skor_Tenor]]+Raw_Data[[#This Row],[Skor_Telat]] -> 7 | AI47: =IF(Raw_Data[[#This Row],[Risk_Score]]<=6,"Low Risk",IF(Raw_Data[[#This Row],[Risk_Score]]<=8,"Medium Risk","High Risk")) -> Medium Risk | AJ47: =IFERROR(DATEDIF(Raw_Data[[#This Row],[tanggal_pengajuan]],TODAY(),"m"),"N/A") -> 7 | AK47: =IF(ISNUMBER(Raw_Data[[#This Row],[MOB]]),IF(Raw_Data[[#This Row],[MOB]]<6,"0-5 bulan",IF(Raw_Data[[#This Row],[MOB]]<12,"6-11 bulan",IF(Raw_Data[[#This Row],[MOB]]<24,"12-23 bulan","24+ bulan"))),"N/A") -> 6-11 bulan
A48: KRM00047 | B48: 46031 | C48: =TEXT(B48,"mmmm") -> January | D48: Fajar Sari | E48: 73702005998073 | F48: 58 | G48: Perempuan | H48: Buruh/Operator | I48: 2525000 | J48: =Raw_Data[[#This Row],[cicilan_per_bulan]]/Raw_Data[[#This Row],[penghasilan_bulanan]] -> 0.41207921 | K48: Denpasar | L48: Bali | M48: Suzuki | N48: Address | O48: Matic Mid | P48: 20511000 | Q48: 5128000 | R48: =IF(Raw_Data[[#This Row],[persen_dp]]<15%,"Low",IF(Raw_Data[[#This Row],[persen_dp]]>25%,"High","Medium")) -> Medium | S48: 0.25 | T48: 18 | U48: 0.145 | V48: 1040500 | W48: 18729000 | X48: =IF(OR(Raw_Data[[#This Row],[status_pembayaran]]="Macet",Raw_Data[[#This Row],[status_pembayaran]]="Kurang Lancar"),"Non Performing Loan","Performing") -> Performing | Y48: Lancar | Z48: 0 | AA48: 0 | AB48: 1 | AD48: =IF(Raw_Data[[#This Row],[rasio]]<0.2,1,IF(Raw_Data[[#This Row],[rasio]]<0.3,2,IF(Raw_Data[[#This Row],[rasio]]<0.4,3,4))) -> 4 | AE48: =IF(Raw_Data[[#This Row],[kategori_dp]]="High",1,IF(Raw_Data[[#This Row],[kategori_dp]]="Medium",2,3)) -> 2 | AF48: =IF(Raw_Data[[#This Row],[tenor_bulan]]<=24,1,IF(Raw_Data[[#This Row],[tenor_bulan]]<=36,2,IF(Raw_Data[[#This Row],[tenor_bulan]]<=48,3,4))) -> 1 | AG48: =IF(Raw_Data[[#This Row],[jumlah_kali_telat]]=0,0,IF(Raw_Data[[#This Row],[jumlah_kali_telat]]<=2,2,4)) -> 0 | AH48: =Raw_Data[[#This Row],[Skor_Rasio]]+Raw_Data[[#This Row],[Skor_DP]]+Raw_Data[[#This Row],[Skor_Tenor]]+Raw_Data[[#This Row],[Skor_Telat]] -> 7 | AI48: =IF(Raw_Data[[#This Row],[Risk_Score]]<=6,"Low Risk",IF(Raw_Data[[#This Row],[Risk_Score]]<=8,"Medium Risk","High Risk")) -> Medium Risk | AJ48: =IFERROR(DATEDIF(Raw_Data[[#This Row],[tanggal_pengajuan]],TODAY(),"m"),"N/A") -> 9 | AK48: =IF(ISNUMBER(Raw_Data[[#This Row],[MOB]]),IF(Raw_Data[[#This Row],[MOB]]<6,"0-5 bulan",IF(Raw_Data[[#This Row],[MOB]]<12,"6-11 bulan",IF(Raw_Data[[#This Row],[MOB]]<24,"12-23 bulan","24+ bulan"))),"N/A") -> 6-11 bulan
A49: KRM00048 | B49: 46164 | C49: =TEXT(B49,"mmmm") -> May | D49: Dewi Lestari | E49: 96962307505002 | F49: 33 | G49: Perempuan | H49: Buruh/Operator | I49: 3709000 | J49: =Raw_Data[[#This Row],[cicilan_per_bulan]]/Raw_Data[[#This Row],[penghasilan_bulanan]] -> 0.32868698 | K49: Semarang | L49: Jawa Tengah | M49: Yamaha | N49: R15 | O49: Sport | P49: 41150000 | Q49: 4115000 | R49: =IF(Raw_Data[[#This Row],[persen_dp]]<15%,"Low",IF(Raw_Data[[#This Row],[persen_dp]]>25%,"High","Medium")) -> Low | S49: 0.1 | T49: 48 | U49: 0.145 | V49: 1219100 | W49: 58516000 | X49: =IF(OR(Raw_Data[[#This Row],[status_pembayaran]]="Macet",Raw_Data[[#This Row],[status_pembayaran]]="Kurang Lancar"),"Non Performing Loan","Performing") -> Performing | Y49: Lancar | Z49: 0 | AA49: 0 | AB49: 1 | AD49: =IF(Raw_Data[[#This Row],[rasio]]<0.2,1,IF(Raw_Data[[#This Row],[rasio]]<0.3,2,IF(Raw_Data[[#This Row],[rasio]]<0.4,3,4))) -> 3 | AE49: =IF(Raw_Data[[#This Row],[kategori_dp]]="High",1,IF(Raw_Data[[#This Row],[kategori_dp]]="Medium",2,3)) -> 3 | AF49: =IF(Raw_Data[[#This Row],[tenor_bulan]]<=24,1,IF(Raw_Data[[#This Row],[tenor_bulan]]<=36,2,IF(Raw_Data[[#This Row],[tenor_bulan]]<=48,3,4))) -> 3 | AG49: =IF(Raw_Data[[#This Row],[jumlah_kali_telat]]=0,0,IF(Raw_Data[[#This Row],[jumlah_kali_telat]]<=2,2,4)) -> 0 | AH49: =Raw_Data[[#This Row],[Skor_Rasio]]+Raw_Data[[#This Row],[Skor_DP]]+Raw_Data[[#This Row],[Skor_Tenor]]+Raw_Data[[#This Row],[Skor_Telat]] -> 9 | AI49: =IF(Raw_Data[[#This Row],[Risk_Score]]<=6,"Low Risk",IF(Raw_Data[[#This Row],[Risk_Score]]<=8,"Medium Risk","High Risk")) -> High Risk | AJ49: =IFERROR(DATEDIF(Raw_Data[[#This Row],[tanggal_pengajuan]],TODAY(),"m"),"N/A") -> 5 | AK49: =IF(ISNUMBER(Raw_Data[[#This Row],[MOB]]),IF(Raw_Data[[#This Row],[MOB]]<6,"0-5 bulan",IF(Raw_Data[[#This Row],[MOB]]<12,"6-11 bulan",IF(Raw_Data[[#This Row],[MOB]]<24,"12-23 bulan","24+ bulan"))),"N/A") -> 0-5 bulan
A50: KRM00049 | B50: 46078 | C50: =TEXT(B50,"mmmm") -> February | D50: Wahyu Susanti | E50: 40472409921582 | F50: 43 | G50: Lakilaki | H50: Petani | I50: 2211000 | J50: =Raw_Data[[#This Row],[cicilan_per_bulan]]/Raw_Data[[#This Row],[penghasilan_bulanan]] -> 1.1463139 | K50: Semarang | L50: Jawa Tengah | M50: Yamaha | N50: R15 | O50: Sport | P50: 41635000 | Q50: 4164000 | R50: =IF(Raw_Data[[#This Row],[persen_dp]]<15%,"Low",IF(Raw_Data[[#This Row],[persen_dp]]>25%,"High","Medium")) -> Low | S50: 0.1 | T50: 18 | U50: 0.145 | V50: 2534500 | W50: 45621000 | X50: =IF(OR(Raw_Data[[#This Row],[status_pembayaran]]="Macet",Raw_Data[[#This Row],[status_pembayaran]]="Kurang Lancar"),"Non Performing Loan","Performing") -> Performing | Y50: Lancar | Z50: 0 | AA50: 0 | AB50: 1 | AC50: verifikasi | AD50: =IF(Raw_Data[[#This Row],[rasio]]<0.2,1,IF(Raw_Data[[#This Row],[rasio]]<0.3,2,IF(Raw_Data[[#This Row],[rasio]]<0.4,3,4))) -> 4 | AE50: =IF(Raw_Data[[#This Row],[kategori_dp]]="High",1,IF(Raw_Data[[#This Row],[kategori_dp]]="Medium",2,3)) -> 3 | AF50: =IF(Raw_Data[[#This Row],[tenor_bulan]]<=24,1,IF(Raw_Data[[#This Row],[tenor_bulan]]<=36,2,IF(Raw_Data[[#This Row],[tenor_bulan]]<=48,3,4))) -> 1 | AG50: =IF(Raw_Data[[#This Row],[jumlah_kali_telat]]=0,0,IF(Raw_Data[[#This Row],[jumlah_kali_telat]]<=2,2,4)) -> 0 | AH50: =Raw_Data[[#This Row],[Skor_Rasio]]+Raw_Data[[#This Row],[Skor_DP]]+Raw_Data[[#This Row],[Skor_Tenor]]+Raw_Data[[#This Row],[Skor_Telat]] -> 8 | AI50: =IF(Raw_Data[[#This Row],[Risk_Score]]<=6,"Low Risk",IF(Raw_Data[[#This Row],[Risk_Score]]<=8,"Medium Risk","High Risk")) -> Medium Risk | AJ50: =IFERROR(DATEDIF(Raw_Data[[#This Row],[tanggal_pengajuan]],TODAY(),"m"),"N/A") -> 7 | AK50: =IF(ISNUMBER(Raw_Data[[#This Row],[MOB]]),IF(Raw_Data[[#This Row],[MOB]]<6,"0-5 bulan",IF(Raw_Data[[#This Row],[MOB]]<12,"6-11 bulan",IF(Raw_Data[[#This Row],[MOB]]<24,"12-23 bulan","24+ bulan"))),"N/A") -> 6-11 bulan
A51: KRM00050 | B51: 46189 | C51: =TEXT(B51,"mmmm") -> June | D51: Fajar Prasetyo | E51: 83941108662168 | F51: 55 | G51: Lakilaki | H51: Karyawan Swasta | I51: 4665000 | J51: =Raw_Data[[#This Row],[cicilan_per_bulan]]/Raw_Data[[#This Row],[penghasilan_bulanan]] -> 0.28252947 | K51: Makassar | L51: Sulawesi Selatan | M51: TVS | N51: Dazz | O51: Matic Entry | P51: 16251000 | Q51: 2438000 | R51: =IF(Raw_Data[[#This Row],[persen_dp]]<15%,"Low",IF(Raw_Data[[#This Row],[persen_dp]]>25%,"High","Medium")) -> Medium | S51: 0.15 | T51: 12 | U51: 0.145 | V51: 1318000 | W51: 15816000 | X51: =IF(OR(Raw_Data[[#This Row],[status_pembayaran]]="Macet",Raw_Data[[#This Row],[status_pembayaran]]="Kurang Lancar"),"Non Performing Loan","Performing") -> Performing | Y51: Lancar | Z51: 0 | AA51: 0 | AB51: 1 | AC51: approved | AD51: =IF(Raw_Data[[#This Row],[rasio]]<0.2,1,IF(Raw_Data[[#This Row],[rasio]]<0.3,2,IF(Raw_Data[[#This Row],[rasio]]<0.4,3,4))) -> 2 | AE51: =IF(Raw_Data[[#This Row],[kategori_dp]]="High",1,IF(Raw_Data[[#This Row],[kategori_dp]]="Medium",2,3)) -> 2 | AF51: =IF(Raw_Data[[#This Row],[tenor_bulan]]<=24,1,IF(Raw_Data[[#This Row],[tenor_bulan]]<=36,2,IF(Raw_Data[[#This Row],[tenor_bulan]]<=48,3,4))) -> 1 | AG51: =IF(Raw_Data[[#This Row],[jumlah_kali_telat]]=0,0,IF(Raw_Data[[#This Row],[jumlah_kali_telat]]<=2,2,4)) -> 0 | AH51: =Raw_Data[[#This Row],[Skor_Rasio]]+Raw_Data[[#This Row],[Skor_DP]]+Raw_Data[[#This Row],[Skor_Tenor]]+Raw_Data[[#This Row],[Skor_Telat]] -> 5 | AI51: =IF(Raw_Data[[#This Row],[Risk_Score]]<=6,"Low Risk",IF(Raw_Data[[#This Row],[Risk_Score]]<=8,"Medium Risk","High Risk")) -> Low Risk | AJ51: =IFERROR(DATEDIF(Raw_Data[[#This Row],[tanggal_pengajuan]],TODAY(),"m"),"N/A") -> 4 | AK51: =IF(ISNUMBER(Raw_Data[[#This Row],[MOB]]),IF(Raw_Data[[#This Row],[MOB]]<6,"0-5 bulan",IF(Raw_Data[[#This Row],[MOB]]<12,"6-11 bulan",IF(Raw_Data[[#This Row],[MOB]]<24,"12-23 bulan","24+ bulan"))),"N/A") -> 0-5 bulan
A52: KRM00051 | B52: 46085 | C52: =TEXT(B52,"mmmm") -> March | D52: Lestari Anggraini | E52: 81991503653696 | F52: 56 | G52: Perempuan | H52: Karyawan Swasta | I52: 6379000 | J52: =Raw_Data[[#This Row],[cicilan_per_bulan]]/Raw_Data[[#This Row],[penghasilan_bulanan]] -> 0.10942154 | K52: Bogor | L52: Jawa Barat | M52: Honda | N52: Genio | O52: Matic Entry | P52: 19456000 | Q52: 1946000 | R52: =IF(Raw_Data[[#This Row],[persen_dp]]<15%,"Low",IF(Raw_Data[[#This Row],[persen_dp]]>25%,"High","Medium")) -> Low | S52: 0.1 | T52: 36 | U52: 0.145 | V52: 698000 | W52: 25127000 | X52: =IF(OR(Raw_Data[[#This Row],[status_pembayaran]]="Macet",Raw_Data[[#This Row],[status_pembayaran]]="Kurang Lancar"),"Non Performing Loan","Performing") -> Performing | Y52: Dalam Perhatian Khusus | Z52: 56 | AA52: 2 | AB52: 2 | AC52: ok | AD52: =IF(Raw_Data[[#This Row],[rasio]]<0.2,1,IF(Raw_Data[[#This Row],[rasio]]<0.3,2,IF(Raw_Data[[#This Row],[rasio]]<0.4,3,4))) -> 1 | AE52: =IF(Raw_Data[[#This Row],[kategori_dp]]="High",1,IF(Raw_Data[[#This Row],[kategori_dp]]="Medium",2,3)) -> 3 | AF52: =IF(Raw_Data[[#This Row],[tenor_bulan]]<=24,1,IF(Raw_Data[[#This Row],[tenor_bulan]]<=36,2,IF(Raw_Data[[#This Row],[tenor_bulan]]<=48,3,4))) -> 2 | AG52: =IF(Raw_Data[[#This Row],[jumlah_kali_telat]]=0,0,IF(Raw_Data[[#This Row],[jumlah_kali_telat]]<=2,2,4)) -> 2 | AH52: =Raw_Data[[#This Row],[Skor_Rasio]]+Raw_Data[[#This Row],[Skor_DP]]+Raw_Data[[#This Row],[Skor_Tenor]]+Raw_Data[[#This Row],[Skor_Telat]] -> 8 | AI52: =IF(Raw_Data[[#This Row],[Risk_Score]]<=6,"Low Risk",IF(Raw_Data[[#This Row],[Risk_Score]]<=8,"Medium Risk","High Risk")) -> Medium Risk | AJ52: =IFERROR(DATEDIF(Raw_Data[[#This Row],[tanggal_pengajuan]],TODAY(),"m"),"N/A") -> 7 | AK52: =IF(ISNUMBER(Raw_Data[[#This Row],[MOB]]),IF(Raw_Data[[#This Row],[MOB]]<6,"0-5 bulan",IF(Raw_Data[[#This Row],[MOB]]<12,"6-11 bulan",IF(Raw_Data[[#This Row],[MOB]]<24,"12-23 bulan","24+ bulan"))),"N/A") -> 6-11 bulan
A53: KRM00052 | B53: 46042 | C53: =TEXT(B53,"mmmm") -> January | D53: Ayu Nugroho | E53: 94811708943440 | F53: 41 | G53: Perempuan | H53: Ibu Rumah Tangga | I53: 2436000 | J53: =Raw_Data[[#This Row],[cicilan_per_bulan]]/Raw_Data[[#This Row],[penghasilan_bulanan]] -> 0.58493432 | K53: Depok | L53: Jawa Barat | M53: Honda | N53: Revo X | O53: Bebek | P53: 18667000 | Q53: 3733000 | R53: =IF(Raw_Data[[#This Row],[persen_dp]]<15%,"Low",IF(Raw_Data[[#This Row],[persen_dp]]>25%,"High","Medium")) -> Medium | S53: 0.2 | T53: 12 | U53: 0.145 | V53: 1424900 | W53: 17099000 | X53: =IF(OR(Raw_Data[[#This Row],[status_pembayaran]]="Macet",Raw_Data[[#This Row],[status_pembayaran]]="Kurang Lancar"),"Non Performing Loan","Performing") -> Performing | Y53: Lancar | Z53: 0 | AA53: 0 | AB53: 1 | AD53: =IF(Raw_Data[[#This Row],[rasio]]<0.2,1,IF(Raw_Data[[#This Row],[rasio]]<0.3,2,IF(Raw_Data[[#This Row],[rasio]]<0.4,3,4))) -> 4 | AE53: =IF(Raw_Data[[#This Row],[kategori_dp]]="High",1,IF(Raw_Data[[#This Row],[kategori_dp]]="Medium",2,3)) -> 2 | AF53: =IF(Raw_Data[[#This Row],[tenor_bulan]]<=24,1,IF(Raw_Data[[#This Row],[tenor_bulan]]<=36,2,IF(Raw_Data[[#This Row],[tenor_bulan]]<=48,3,4))) -> 1 | AG53: =IF(Raw_Data[[#This Row],[jumlah_kali_telat]]=0,0,IF(Raw_Data[[#This Row],[jumlah_kali_telat]]<=2,2,4)) -> 0 | AH53: =Raw_Data[[#This Row],[Skor_Rasio]]+Raw_Data[[#This Row],[Skor_DP]]+Raw_Data[[#This Row],[Skor_Tenor]]+Raw_Data[[#This Row],[Skor_Telat]] -> 7 | AI53: =IF(Raw_Data[[#This Row],[Risk_Score]]<=6,"Low Risk",IF(Raw_Data[[#This Row],[Risk_Score]]<=8,"Medium Risk","High Risk")) -> Medium Risk | AJ53: =IFERROR(DATEDIF(Raw_Data[[#This Row],[tanggal_pengajuan]],TODAY(),"m"),"N/A") -> 9 | AK53: =IF(ISNUMBER(Raw_Data[[#This Row],[MOB]]),IF(Raw_Data[[#This Row],[MOB]]<6,"0-5 bulan",IF(Raw_Data[[#This Row],[MOB]]<12,"6-11 bulan",IF(Raw_Data[[#This Row],[MOB]]<24,"12-23 bulan","24+ bulan"))),"N/A") -> 6-11 bulan
A54: KRM00053 | B54: 46184 | C54: =TEXT(B54,"mmmm") -> June | D54: Fitriani Utami | E54: 37812801915133 | F54: 36 | G54: Perempuan | H54: Karyawan Swasta | I54: 4814000 | J54: =Raw_Data[[#This Row],[cicilan_per_bulan]]/Raw_Data[[#This Row],[penghasilan_bulanan]] -> 0.12818862 | K54: Yogyakarta | L54: DIY | M54: Honda | N54: Vario 160 | O54: Matic Mid | P54: 28619000 | Q54: 7155000 | R54: =IF(Raw_Data[[#This Row],[persen_dp]]<15%,"Low",IF(Raw_Data[[#This Row],[persen_dp]]>25%,"High","Medium")) -> Medium | S54: 0.25 | T54: 60 | U54: 0.145 | V54: 617100 | W54: 37025000 | X54: =IF(OR(Raw_Data[[#This Row],[status_pembayaran]]="Macet",Raw_Data[[#This Row],[status_pembayaran]]="Kurang Lancar"),"Non Performing Loan","Performing") -> Performing | Y54: Lancar | Z54: 0 | AA54: 0 | AB54: 1 | AC54: verifikasi | AD54: =IF(Raw_Data[[#This Row],[rasio]]<0.2,1,IF(Raw_Data[[#This Row],[rasio]]<0.3,2,IF(Raw_Data[[#This Row],[rasio]]<0.4,3,4))) -> 1 | AE54: =IF(Raw_Data[[#This Row],[kategori_dp]]="High",1,IF(Raw_Data[[#This Row],[kategori_dp]]="Medium",2,3)) -> 2 | AF54: =IF(Raw_Data[[#This Row],[tenor_bulan]]<=24,1,IF(Raw_Data[[#This Row],[tenor_bulan]]<=36,2,IF(Raw_Data[[#This Row],[tenor_bulan]]<=48,3,4))) -> 4 | AG54: =IF(Raw_Data[[#This Row],[jumlah_kali_telat]]=0,0,IF(Raw_Data[[#This Row],[jumlah_kali_telat]]<=2,2,4)) -> 0 | AH54: =Raw_Data[[#This Row],[Skor_Rasio]]+Raw_Data[[#This Row],[Skor_DP]]+Raw_Data[[#This Row],[Skor_Tenor]]+Raw_Data[[#This Row],[Skor_Telat]] -> 7 | AI54: =IF(Raw_Data[[#This Row],[Risk_Score]]<=6,"Low Risk",IF(Raw_Data[[#This Row],[Risk_Score]]<=8,"Medium Risk","High Risk")) -> Medium Risk | AJ54: =IFERROR(DATEDIF(Raw_Data[[#This Row],[tanggal_pengajuan]],TODAY(),"m"),"N/A") -> 4 | AK54: =IF(ISNUMBER(Raw_Data[[#This Row],[MOB]]),IF(Raw_Data[[#This Row],[MOB]]<6,"0-5 bulan",IF(Raw_Data[[#This Row],[MOB]]<12,"6-11 bulan",IF(Raw_Data[[#This Row],[MOB]]<24,"12-23 bulan","24+ bulan"))),"N/A") -> 0-5 bulan
A55: KRM00055 | B55: 46040 | C55: =TEXT(B55,"mmmm") -> January | D55: Fajar Pratama | E55: 64391801785841 | F55: 30 | G55: Lakilaki | H55: Karyawan Swasta | I55: 7765000 | J55: =Raw_Data[[#This Row],[cicilan_per_bulan]]/Raw_Data[[#This Row],[penghasilan_bulanan]] -> 0.16941404 | K55: Denpasar | L55: Bali | M55: Honda | N55: PCX 160 | O55: Matic Premium | P55: 36669000 | Q55: 3667000 | R55: =IF(Raw_Data[[#This Row],[persen_dp]]<15%,"Low",IF(Raw_Data[[#This Row],[persen_dp]]>25%,"High","Medium")) -> Low | S55: 0.1 | T55: 36 | U55: 0.145 | V55: 1315500 | W55: 47358000 | X55: =IF(OR(Raw_Data[[#This Row],[status_pembayaran]]="Macet",Raw_Data[[#This Row],[status_pembayaran]]="Kurang Lancar"),"Non Performing Loan","Performing") -> Performing | Y55: Lancar | Z55: 0 | AA55: 0 | AB55: 1 | AC55: approved | AD55: =IF(Raw_Data[[#This Row],[rasio]]<0.2,1,IF(Raw_Data[[#This Row],[rasio]]<0.3,2,IF(Raw_Data[[#This Row],[rasio]]<0.4,3,4))) -> 1 | AE55: =IF(Raw_Data[[#This Row],[kategori_dp]]="High",1,IF(Raw_Data[[#This Row],[kategori_dp]]="Medium",2,3)) -> 3 | AF55: =IF(Raw_Data[[#This Row],[tenor_bulan]]<=24,1,IF(Raw_Data[[#This Row],[tenor_bulan]]<=36,2,IF(Raw_Data[[#This Row],[tenor_bulan]]<=48,3,4))) -> 2 | AG55: =IF(Raw_Data[[#This Row],[jumlah_kali_telat]]=0,0,IF(Raw_Data[[#This Row],[jumlah_kali_telat]]<=2,2,4)) -> 0 | AH55: =Raw_Data[[#This Row],[Skor_Rasio]]+Raw_Data[[#This Row],[Skor_DP]]+Raw_Data[[#This Row],[Skor_Tenor]]+Raw_Data[[#This Row],[Skor_Telat]] -> 6 | AI55: =IF(Raw_Data[[#This Row],[Risk_Score]]<=6,"Low Risk",IF(Raw_Data[[#This Row],[Risk_Score]]<=8,"Medium Risk","High Risk")) -> Low Risk | AJ55: =IFERROR(DATEDIF(Raw_Data[[#This Row],[tanggal_pengajuan]],TODAY(),"m"),"N/A") -> 9 | AK55: =IF(ISNUMBER(Raw_Data[[#This Row],[MOB]]),IF(Raw_Data[[#This Row],[MOB]]<6,"0-5 bulan",IF(Raw_Data[[#This Row],[MOB]]<12,"6-11 bulan",IF(Raw_Data[[#This Row],[MOB]]<24,"12-23 bulan","24+ bulan"))),"N/A") -> 6-11 bulan
A56: KRM00056 | B56: 46040 | C56: =TEXT(B56,"mmmm") -> January | D56: Lestari Wibowo | E56: 90631905787724 | F56: 51 | G56: Perempuan | H56: Guru/Dosen | I56: 6046000 | J56: =Raw_Data[[#This Row],[cicilan_per_bulan]]/Raw_Data[[#This Row],[penghasilan_bulanan]] -> 0.079440953 | K56: Bogor | L56: Jawa Barat | M56: Suzuki | N56: Address | O56: Matic Mid | P56: 20084000 | Q56: 8034000 | R56: =IF(Raw_Data[[#This Row],[persen_dp]]<15%,"Low",IF(Raw_Data[[#This Row],[persen_dp]]>25%,"High","Medium")) -> High | S56: 0.4 | T56: 36 | U56: 0.145 | V56: 480300 | W56: 17292000 | X56: =IF(OR(Raw_Data[[#This Row],[status_pembayaran]]="Macet",Raw_Data[[#This Row],[status_pembayaran]]="Kurang Lancar"),"Non Performing Loan","Performing") -> Performing | Y56: Lancar | Z56: 0 | AA56: 0 | AB56: 1 | AD56: =IF(Raw_Data[[#This Row],[rasio]]<0.2,1,IF(Raw_Data[[#This Row],[rasio]]<0.3,2,IF(Raw_Data[[#This Row],[rasio]]<0.4,3,4))) -> 1 | AE56: =IF(Raw_Data[[#This Row],[kategori_dp]]="High",1,IF(Raw_Data[[#This Row],[kategori_dp]]="Medium",2,3)) -> 1 | AF56: =IF(Raw_Data[[#This Row],[tenor_bulan]]<=24,1,IF(Raw_Data[[#This Row],[tenor_bulan]]<=36,2,IF(Raw_Data[[#This Row],[tenor_bulan]]<=48,3,4))) -> 2 | AG56: =IF(Raw_Data[[#This Row],[jumlah_kali_telat]]=0,0,IF(Raw_Data[[#This Row],[jumlah_kali_telat]]<=2,2,4)) -> 0 | AH56: =Raw_Data[[#This Row],[Skor_Rasio]]+Raw_Data[[#This Row],[Skor_DP]]+Raw_Data[[#This Row],[Skor_Tenor]]+Raw_Data[[#This Row],[Skor_Telat]] -> 4 | AI56: =IF(Raw_Data[[#This Row],[Risk_Score]]<=6,"Low Risk",IF(Raw_Data[[#This Row],[Risk_Score]]<=8,"Medium Risk","High Risk")) -> Low Risk | AJ56: =IFERROR(DATEDIF(Raw_Data[[#This Row],[tanggal_pengajuan]],TODAY(),"m"),"N/A") -> 9 | AK56: =IF(ISNUMBER(Raw_Data[[#This Row],[MOB]]),IF(Raw_Data[[#This Row],[MOB]]<6,"0-5 bulan",IF(Raw_Data[[#This Row],[MOB]]<12,"6-11 bulan",IF(Raw_Data[[#This Row],[MOB]]<24,"12-23 bulan","24+ bulan"))),"N/A") -> 6-11 bulan
A57: KRM00057 | B57: 46126 | C57: =TEXT(B57,"mmmm") -> April | D57: Indah Fauzi | E57: 96541304743104 | F57: 42 | G57: Perempuan | H57: Ibu Rumah Tangga | I57: 1909000 | J57: =Raw_Data[[#This Row],[cicilan_per_bulan]]/Raw_Data[[#This Row],[penghasilan_bulanan]] -> 0.30445259 | K57: Jakarta Selatan | L57: DKI Jakarta | M57: Honda | N57: Vario 125 | O57: Matic Mid | P57: 25271000 | Q57: 5054000 | R57: =IF(Raw_Data[[#This Row],[persen_dp]]<15%,"Low",IF(Raw_Data[[#This Row],[persen_dp]]>25%,"High","Medium")) -> Medium | S57: 0.2 | T57: 60 | U57: 0.145 | V57: 581200 | W57: 34874000 | X57: =IF(OR(Raw_Data[[#This Row],[status_pembayaran]]="Macet",Raw_Data[[#This Row],[status_pembayaran]]="Kurang Lancar"),"Non Performing Loan","Performing") -> Performing | Y57: Lancar | Z57: 0 | AA57: 0 | AB57: 1 | AC57: verifikasi | AD57: =IF(Raw_Data[[#This Row],[rasio]]<0.2,1,IF(Raw_Data[[#This Row],[rasio]]<0.3,2,IF(Raw_Data[[#This Row],[rasio]]<0.4,3,4))) -> 3 | AE57: =IF(Raw_Data[[#This Row],[kategori_dp]]="High",1,IF(Raw_Data[[#This Row],[kategori_dp]]="Medium",2,3)) -> 2 | AF57: =IF(Raw_Data[[#This Row],[tenor_bulan]]<=24,1,IF(Raw_Data[[#This Row],[tenor_bulan]]<=36,2,IF(Raw_Data[[#This Row],[tenor_bulan]]<=48,3,4))) -> 4 | AG57: =IF(Raw_Data[[#This Row],[jumlah_kali_telat]]=0,0,IF(Raw_Data[[#This Row],[jumlah_kali_telat]]<=2,2,4)) -> 0 | AH57: =Raw_Data[[#This Row],[Skor_Rasio]]+Raw_Data[[#This Row],[Skor_DP]]+Raw_Data[[#This Row],[Skor_Tenor]]+Raw_Data[[#This Row],[Skor_Telat]] -> 9 | AI57: =IF(Raw_Data[[#This Row],[Risk_Score]]<=6,"Low Risk",IF(Raw_Data[[#This Row],[Risk_Score]]<=8,"Medium Risk","High Risk")) -> High Risk | AJ57: =IFERROR(DATEDIF(Raw_Data[[#This Row],[tanggal_pengajuan]],TODAY(),"m"),"N/A") -> 6 | AK57: =IF(ISNUMBER(Raw_Data[[#This Row],[MOB]]),IF(Raw_Data[[#This Row],[MOB]]<6,"0-5 bulan",IF(Raw_Data[[#This Row],[MOB]]<12,"6-11 bulan",IF(Raw_Data[[#This Row],[MOB]]<24,"12-23 bulan","24+ bulan"))),"N/A") -> 6-11 bulan
A58: KRM00058 | B58: 46090 | C58: =TEXT(B58,"mmmm") -> March | D58: Maya Fauzi | E58: 72671901974201 | F58: 40 | G58: Perempuan | H58: Wiraswasta | I58: 9690000 | J58: =Raw_Data[[#This Row],[cicilan_per_bulan]]/Raw_Data[[#This Row],[penghasilan_bulanan]] -> 0.1003096 | K58: Balikpapan | L58: Kalimantan Timur | M58: Kawasaki | N58: KLX 150 | O58: Trail | P58: 37515000 | Q58: 13130000 | R58: =IF(Raw_Data[[#This Row],[persen_dp]]<15%,"Low",IF(Raw_Data[[#This Row],[persen_dp]]>25%,"High","Medium")) -> High | S58: 0.35 | T58: 36 | U58: 0.145 | V58: 972000 | W58: 34993000 | X58: =IF(OR(Raw_Data[[#This Row],[status_pembayaran]]="Macet",Raw_Data[[#This Row],[status_pembayaran]]="Kurang Lancar"),"Non Performing Loan","Performing") -> Performing | Y58: Lancar | Z58: 0 | AA58: 0 | AB58: 1 | AD58: =IF(Raw_Data[[#This Row],[rasio]]<0.2,1,IF(Raw_Data[[#This Row],[rasio]]<0.3,2,IF(Raw_Data[[#This Row],[rasio]]<0.4,3,4))) -> 1 | AE58: =IF(Raw_Data[[#This Row],[kategori_dp]]="High",1,IF(Raw_Data[[#This Row],[kategori_dp]]="Medium",2,3)) -> 1 | AF58: =IF(Raw_Data[[#This Row],[tenor_bulan]]<=24,1,IF(Raw_Data[[#This Row],[tenor_bulan]]<=36,2,IF(Raw_Data[[#This Row],[tenor_bulan]]<=48,3,4))) -> 2 | AG58: =IF(Raw_Data[[#This Row],[jumlah_kali_telat]]=0,0,IF(Raw_Data[[#This Row],[jumlah_kali_telat]]<=2,2,4)) -> 0 | AH58: =Raw_Data[[#This Row],[Skor_Rasio]]+Raw_Data[[#This Row],[Skor_DP]]+Raw_Data[[#This Row],[Skor_Tenor]]+Raw_Data[[#This Row],[Skor_Telat]] -> 4 | AI58: =IF(Raw_Data[[#This Row],[Risk_Score]]<=6,"Low Risk",IF(Raw_Data[[#This Row],[Risk_Score]]<=8,"Medium Risk","High Risk")) -> Low Risk | AJ58: =IFERROR(DATEDIF(Raw_Data[[#This Row],[tanggal_pengajuan]],TODAY(),"m"),"N/A") -> 7 | AK58: =IF(ISNUMBER(Raw_Data[[#This Row],[MOB]]),IF(Raw_Data[[#This Row],[MOB]]<6,"0-5 bulan",IF(Raw_Data[[#This Row],[MOB]]<12,"6-11 bulan",IF(Raw_Data[[#This Row],[MOB]]<24,"12-23 bulan","24+ bulan"))),"N/A") -> 6-11 bulan
A59: KRM00059 | B59: 46296 | C59: =TEXT(B59,"mmmm") -> October | D59: Rahmat Kusuma | E59: 99512304949763 | F59: 53 | G59: Perempuan | H59: Wiraswasta | I59: 11331000 | J59: =Raw_Data[[#This Row],[cicilan_per_bulan]]/Raw_Data[[#This Row],[penghasilan_bulanan]] -> 0.068255229 | K59: Makassar | L59: Sulawesi Selatan | M59: Yamaha | N59: Lexi LX 155 | O59: Matic Mid | P59: 29370000 | Q59: 5874000 | R59: =IF(Raw_Data[[#This Row],[persen_dp]]<15%,"Low",IF(Raw_Data[[#This Row],[persen_dp]]>25%,"High","Medium")) -> Medium | S59: 0.2 | T59: 48 | U59: 0.145 | V59: 773400 | W59: 37124000 | X59: =IF(OR(Raw_Data[[#This Row],[status_pembayaran]]="Macet",Raw_Data[[#This Row],[status_pembayaran]]="Kurang Lancar"),"Non Performing Loan","Performing") -> Performing | Y59: Lancar | Z59: 0 | AA59: 0 | AB59: 1 | AC59: survey ulang | AD59: =IF(Raw_Data[[#This Row],[rasio]]<0.2,1,IF(Raw_Data[[#This Row],[rasio]]<0.3,2,IF(Raw_Data[[#This Row],[rasio]]<0.4,3,4))) -> 1 | AE59: =IF(Raw_Data[[#This Row],[kategori_dp]]="High",1,IF(Raw_Data[[#This Row],[kategori_dp]]="Medium",2,3)) -> 2 | AF59: =IF(Raw_Data[[#This Row],[tenor_bulan]]<=24,1,IF(Raw_Data[[#This Row],[tenor_bulan]]<=36,2,IF(Raw_Data[[#This Row],[tenor_bulan]]<=48,3,4))) -> 3 | AG59: =IF(Raw_Data[[#This Row],[jumlah_kali_telat]]=0,0,IF(Raw_Data[[#This Row],[jumlah_kali_telat]]<=2,2,4)) -> 0 | AH59: =Raw_Data[[#This Row],[Skor_Rasio]]+Raw_Data[[#This Row],[Skor_DP]]+Raw_Data[[#This Row],[Skor_Tenor]]+Raw_Data[[#This Row],[Skor_Telat]] -> 6 | AI59: =IF(Raw_Data[[#This Row],[Risk_Score]]<=6,"Low Risk",IF(Raw_Data[[#This Row],[Risk_Score]]<=8,"Medium Risk","High Risk")) -> Low Risk | AJ59: =IFERROR(DATEDIF(Raw_Data[[#This Row],[tanggal_pengajuan]],TODAY(),"m"),"N/A") -> 0 | AK59: =IF(ISNUMBER(Raw_Data[[#This Row],[MOB]]),IF(Raw_Data[[#This Row],[MOB]]<6,"0-5 bulan",IF(Raw_Data[[#This Row],[MOB]]<12,"6-11 bulan",IF(Raw_Data[[#This Row],[MOB]]<24,"12-23 bulan","24+ bulan"))),"N/A") -> 0-5 bulan
A60: KRM00060 | B60: 46182 | C60: =TEXT(B60,"mmmm") -> June | D60: Agus Sari | E60: 76812807721477 | F60: 27 | G60: Lakilaki | H60: Buruh/Operator | I60: 3132000 | J60: =Raw_Data[[#This Row],[cicilan_per_bulan]]/Raw_Data[[#This Row],[penghasilan_bulanan]] -> 0.34294381 | K60: Jakarta Selatan | L60: DKI Jakarta | M60: Yamaha | N60: NMAX 155 | O60: Matic Premium | P60: 35928000 | Q60: 8982000 | R60: =IF(Raw_Data[[#This Row],[persen_dp]]<15%,"Low",IF(Raw_Data[[#This Row],[persen_dp]]>25%,"High","Medium")) -> Medium | S60: 0.25 | T60: 36 | U60: 0.145 | V60: 1074100 | W60: 38668000 | X60: =IF(OR(Raw_Data[[#This Row],[status_pembayaran]]="Macet",Raw_Data[[#This Row],[status_pembayaran]]="Kurang Lancar"),"Non Performing Loan","Performing") -> Performing | Y60: Lancar | Z60: 0 | AA60: 0 | AB60: 1 | AD60: =IF(Raw_Data[[#This Row],[rasio]]<0.2,1,IF(Raw_Data[[#This Row],[rasio]]<0.3,2,IF(Raw_Data[[#This Row],[rasio]]<0.4,3,4))) -> 3 | AE60: =IF(Raw_Data[[#This Row],[kategori_dp]]="High",1,IF(Raw_Data[[#This Row],[kategori_dp]]="Medium",2,3)) -> 2 | AF60: =IF(Raw_Data[[#This Row],[tenor_bulan]]<=24,1,IF(Raw_Data[[#This Row],[tenor_bulan]]<=36,2,IF(Raw_Data[[#This Row],[tenor_bulan]]<=48,3,4))) -> 2 | AG60: =IF(Raw_Data[[#This Row],[jumlah_kali_telat]]=0,0,IF(Raw_Data[[#This Row],[jumlah_kali_telat]]<=2,2,4)) -> 0 | AH60: =Raw_Data[[#This Row],[Skor_Rasio]]+Raw_Data[[#This Row],[Skor_DP]]+Raw_Data[[#This Row],[Skor_Tenor]]+Raw_Data[[#This Row],[Skor_Telat]] -> 7 | AI60: =IF(Raw_Data[[#This Row],[Risk_Score]]<=6,"Low Risk",IF(Raw_Data[[#This Row],[Risk_Score]]<=8,"Medium Risk","High Risk")) -> Medium Risk | AJ60: =IFERROR(DATEDIF(Raw_Data[[#This Row],[tanggal_pengajuan]],TODAY(),"m"),"N/A") -> 4 | AK60: =IF(ISNUMBER(Raw_Data[[#This Row],[MOB]]),IF(Raw_Data[[#This Row],[MOB]]<6,"0-5 bulan",IF(Raw_Data[[#This Row],[MOB]]<12,"6-11 bulan",IF(Raw_Data[[#This Row],[MOB]]<24,"12-23 bulan","24+ bulan"))),"N/A") -> 0-5 bulan
A61: KRM00061 | B61: 46154 | C61: =TEXT(B61,"mmmm") -> May | D61: Tidak Diketahui | E61: Invalid | F61: 43 | G61: Lakilaki | H61: Buruh/Operator | I61: 3195000 | J61: =Raw_Data[[#This Row],[cicilan_per_bulan]]/Raw_Data[[#This Row],[penghasilan_bulanan]] -> 0.61505477 | K61: Makassar | L61: Sulawesi Selatan | M61: Yamaha | N61: MT15 | O61: Sport Naked | P61: 38738032 | Q61: 9685000 | R61: =IF(Raw_Data[[#This Row],[persen_dp]]<15%,"Low",IF(Raw_Data[[#This Row],[persen_dp]]>25%,"High","Medium")) -> Medium | S61: 0.25 | T61: 18 | U61: 0.145 | V61: 1965100 | W61: 35372000 | X61: =IF(OR(Raw_Data[[#This Row],[status_pembayaran]]="Macet",Raw_Data[[#This Row],[status_pembayaran]]="Kurang Lancar"),"Non Performing Loan","Performing") -> Performing | Y61: Lancar | Z61: 0 | AA61: 0 | AB61: 1 | AC61: ok | AD61: =IF(Raw_Data[[#This Row],[rasio]]<0.2,1,IF(Raw_Data[[#This Row],[rasio]]<0.3,2,IF(Raw_Data[[#This Row],[rasio]]<0.4,3,4))) -> 4 | AE61: =IF(Raw_Data[[#This Row],[kategori_dp]]="High",1,IF(Raw_Data[[#This Row],[kategori_dp]]="Medium",2,3)) -> 2 | AF61: =IF(Raw_Data[[#This Row],[tenor_bulan]]<=24,1,IF(Raw_Data[[#This Row],[tenor_bulan]]<=36,2,IF(Raw_Data[[#This Row],[tenor_bulan]]<=48,3,4))) -> 1 | AG61: =IF(Raw_Data[[#This Row],[jumlah_kali_telat]]=0,0,IF(Raw_Data[[#This Row],[jumlah_kali_telat]]<=2,2,4)) -> 0 | AH61: =Raw_Data[[#This Row],[Skor_Rasio]]+Raw_Data[[#This Row],[Skor_DP]]+Raw_Data[[#This Row],[Skor_Tenor]]+Raw_Data[[#This Row],[Skor_Telat]] -> 7 | AI61: =IF(Raw_Data[[#This Row],[Risk_Score]]<=6,"Low Risk",IF(Raw_Data[[#This Row],[Risk_Score]]<=8,"Medium Risk","High Risk")) -> Medium Risk | AJ61: =IFERROR(DATEDIF(Raw_Data[[#This Row],[tanggal_pengajuan]],TODAY(),"m"),"N/A") -> 5 | AK61: =IF(ISNUMBER(Raw_Data[[#This Row],[MOB]]),IF(Raw_Data[[#This Row],[MOB]]<6,"0-5 bulan",IF(Raw_Data[[#This Row],[MOB]]<12,"6-11 bulan",IF(Raw_Data[[#This Row],[MOB]]<24,"12-23 bulan","24+ bulan"))),"N/A") -> 0-5 bulan
A62: KRM00062 | B62: 46110 | C62: =TEXT(B62,"mmmm") -> March | D62: Yusuf Lestari | E62: 83721304858957 | F62: 42 | G62: Lakilaki | H62: Guru/Dosen | I62: 4061000 | J62: =Raw_Data[[#This Row],[cicilan_per_bulan]]/Raw_Data[[#This Row],[penghasilan_bulanan]] -> 0.43513913 | K62: Jakarta Selatan | L62: DKI Jakarta | M62: Honda | N62: CB150R | O62: Sport | P62: 30867000 | Q62: 12347000 | R62: =IF(Raw_Data[[#This Row],[persen_dp]]<15%,"Low",IF(Raw_Data[[#This Row],[persen_dp]]>25%,"High","Medium")) -> High | S62: 0.4 | T62: 12 | U62: 0.145 | V62: 1767100 | W62: 21205000 | X62: =IF(OR(Raw_Data[[#This Row],[status_pembayaran]]="Macet",Raw_Data[[#This Row],[status_pembayaran]]="Kurang Lancar"),"Non Performing Loan","Performing") -> Performing | Y62: Lancar | Z62: 0 | AA62: 0 | AB62: 1 | AD62: =IF(Raw_Data[[#This Row],[rasio]]<0.2,1,IF(Raw_Data[[#This Row],[rasio]]<0.3,2,IF(Raw_Data[[#This Row],[rasio]]<0.4,3,4))) -> 4 | AE62: =IF(Raw_Data[[#This Row],[kategori_dp]]="High",1,IF(Raw_Data[[#This Row],[kategori_dp]]="Medium",2,3)) -> 1 | AF62: =IF(Raw_Data[[#This Row],[tenor_bulan]]<=24,1,IF(Raw_Data[[#This Row],[tenor_bulan]]<=36,2,IF(Raw_Data[[#This Row],[tenor_bulan]]<=48,3,4))) -> 1 | AG62: =IF(Raw_Data[[#This Row],[jumlah_kali_telat]]=0,0,IF(Raw_Data[[#This Row],[jumlah_kali_telat]]<=2,2,4)) -> 0 | AH62: =Raw_Data[[#This Row],[Skor_Rasio]]+Raw_Data[[#This Row],[Skor_DP]]+Raw_Data[[#This Row],[Skor_Tenor]]+Raw_Data[[#This Row],[Skor_Telat]] -> 6 | AI62: =IF(Raw_Data[[#This Row],[Risk_Score]]<=6,"Low Risk",IF(Raw_Data[[#This Row],[Risk_Score]]<=8,"Medium Risk","High Risk")) -> Low Risk | AJ62: =IFERROR(DATEDIF(Raw_Data[[#This Row],[tanggal_pengajuan]],TODAY(),"m"),"N/A") -> 6 | AK62: =IF(ISNUMBER(Raw_Data[[#This Row],[MOB]]),IF(Raw_Data[[#This Row],[MOB]]<6,"0-5 bulan",IF(Raw_Data[[#This Row],[MOB]]<12,"6-11 bulan",IF(Raw_Data[[#This Row],[MOB]]<24,"12-23 bulan","24+ bulan"))),"N/A") -> 6-11 bulan
A63: KRM00063 | B63: 46131 | C63: =TEXT(B63,"mmmm") -> April | D63: Budi Anggraini | E63: 68992302789157 | F63: 24 | G63: Perempuan | H63: Guru/Dosen | I63: 4997000 | J63: =Raw_Data[[#This Row],[cicilan_per_bulan]]/Raw_Data[[#This Row],[penghasilan_bulanan]] -> 0.31338803 | K63: Bekasi | L63: Jawa Barat | M63: Honda | N63: Scoopy | O63: Matic Stylish | P63: 23446000 | Q63: 7034000 | R63: =IF(Raw_Data[[#This Row],[persen_dp]]<15%,"Low",IF(Raw_Data[[#This Row],[persen_dp]]>25%,"High","Medium")) -> High | S63: 0.3 | T63: 12 | U63: 0.145 | V63: 1566000 | W63: 18792000 | X63: =IF(OR(Raw_Data[[#This Row],[status_pembayaran]]="Macet",Raw_Data[[#This Row],[status_pembayaran]]="Kurang Lancar"),"Non Performing Loan","Performing") -> Performing | Y63: Lancar | Z63: 0 | AA63: 0 | AB63: 1 | AC63: survey ulang | AD63: =IF(Raw_Data[[#This Row],[rasio]]<0.2,1,IF(Raw_Data[[#This Row],[rasio]]<0.3,2,IF(Raw_Data[[#This Row],[rasio]]<0.4,3,4))) -> 3 | AE63: =IF(Raw_Data[[#This Row],[kategori_dp]]="High",1,IF(Raw_Data[[#This Row],[kategori_dp]]="Medium",2,3)) -> 1 | AF63: =IF(Raw_Data[[#This Row],[tenor_bulan]]<=24,1,IF(Raw_Data[[#This Row],[tenor_bulan]]<=36,2,IF(Raw_Data[[#This Row],[tenor_bulan]]<=48,3,4))) -> 1 | AG63: =IF(Raw_Data[[#This Row],[jumlah_kali_telat]]=0,0,IF(Raw_Data[[#This Row],[jumlah_kali_telat]]<=2,2,4)) -> 0 | AH63: =Raw_Data[[#This Row],[Skor_Rasio]]+Raw_Data[[#This Row],[Skor_DP]]+Raw_Data[[#This Row],[Skor_Tenor]]+Raw_Data[[#This Row],[Skor_Telat]] -> 5 | AI63: =IF(Raw_Data[[#This Row],[Risk_Score]]<=6,"Low Risk",IF(Raw_Data[[#This Row],[Risk_Score]]<=8,"Medium Risk","High Risk")) -> Low Risk | AJ63: =IFERROR(DATEDIF(Raw_Data[[#This Row],[tanggal_pengajuan]],TODAY(),"m"),"N/A") -> 6 | AK63: =IF(ISNUMBER(Raw_Data[[#This Row],[MOB]]),IF(Raw_Data[[#This Row],[MOB]]<6,"0-5 bulan",IF(Raw_Data[[#This Row],[MOB]]<12,"6-11 bulan",IF(Raw_Data[[#This Row],[MOB]]<24,"12-23 bulan","24+ bulan"))),"N/A") -> 6-11 bulan
A64: KRM00064 | B64: 46088 | C64: =TEXT(B64,"mmmm") -> March | D64: Yusuf Lestari | E64: 59671501596038 | F64: 37 | G64: Lakilaki | H64: Karyawan Swasta | I64: 5135000 | J64: =Raw_Data[[#This Row],[cicilan_per_bulan]]/Raw_Data[[#This Row],[penghasilan_bulanan]] -> 0.13119766 | K64: Medan | L64: Sumatera Utara | M64: Honda | N64: Vario 125 | O64: Matic Mid | P64: 26035000 | Q64: 2604000 | R64: =IF(Raw_Data[[#This Row],[persen_dp]]<15%,"Low",IF(Raw_Data[[#This Row],[persen_dp]]>25%,"High","Medium")) -> Low | S64: 0.1 | T64: 60 | U64: 0.145 | V64: 673700 | W64: 40419000 | X64: =IF(OR(Raw_Data[[#This Row],[status_pembayaran]]="Macet",Raw_Data[[#This Row],[status_pembayaran]]="Kurang Lancar"),"Non Performing Loan","Performing") -> Performing | Y64: Lancar | Z64: 0 | AA64: 0 | AB64: 1 | AC64: verifikasi | AD64: =IF(Raw_Data[[#This Row],[rasio]]<0.2,1,IF(Raw_Data[[#This Row],[rasio]]<0.3,2,IF(Raw_Data[[#This Row],[rasio]]<0.4,3,4))) -> 1 | AE64: =IF(Raw_Data[[#This Row],[kategori_dp]]="High",1,IF(Raw_Data[[#This Row],[kategori_dp]]="Medium",2,3)) -> 3 | AF64: =IF(Raw_Data[[#This Row],[tenor_bulan]]<=24,1,IF(Raw_Data[[#This Row],[tenor_bulan]]<=36,2,IF(Raw_Data[[#This Row],[tenor_bulan]]<=48,3,4))) -> 4 | AG64: =IF(Raw_Data[[#This Row],[jumlah_kali_telat]]=0,0,IF(Raw_Data[[#This Row],[jumlah_kali_telat]]<=2,2,4)) -> 0 | AH64: =Raw_Data[[#This Row],[Skor_Rasio]]+Raw_Data[[#This Row],[Skor_DP]]+Raw_Data[[#This Row],[Skor_Tenor]]+Raw_Data[[#This Row],[Skor_Telat]] -> 8 | AI64: =IF(Raw_Data[[#This Row],[Risk_Score]]<=6,"Low Risk",IF(Raw_Data[[#This Row],[Risk_Score]]<=8,"Medium Risk","High Risk")) -> Medium Risk | AJ64: =IFERROR(DATEDIF(Raw_Data[[#This Row],[tanggal_pengajuan]],TODAY(),"m"),"N/A") -> 7 | AK64: =IF(ISNUMBER(Raw_Data[[#This Row],[MOB]]),IF(Raw_Data[[#This Row],[MOB]]<6,"0-5 bulan",IF(Raw_Data[[#This Row],[MOB]]<12,"6-11 bulan",IF(Raw_Data[[#This Row],[MOB]]<24,"12-23 bulan","24+ bulan"))),"N/A") -> 6-11 bulan
A65: KRM00065 | B65: 46170 | C65: =TEXT(B65,"mmmm") -> May | D65: Yusuf Prasetyo | E65: 78381904979581 | F65: 32 | G65: Perempuan | H65: Ibu Rumah Tangga | I65: 2321000 | J65: =Raw_Data[[#This Row],[cicilan_per_bulan]]/Raw_Data[[#This Row],[penghasilan_bulanan]] -> 0.36682464 | K65: Jakarta Barat | L65: DKI Jakarta | M65: Yamaha | N65: Aerox 155 | O65: Matic Sport | P65: 32905000 | Q65: 3291000 | R65: =IF(Raw_Data[[#This Row],[persen_dp]]<15%,"Low",IF(Raw_Data[[#This Row],[persen_dp]]>25%,"High","Medium")) -> Low | S65: 0.1 | T65: 60 | U65: 0.145 | V65: 851400 | W65: 51085000 | X65: =IF(OR(Raw_Data[[#This Row],[status_pembayaran]]="Macet",Raw_Data[[#This Row],[status_pembayaran]]="Kurang Lancar"),"Non Performing Loan","Performing") -> Performing | Y65: Lancar | Z65: 0 | AA65: 0 | AB65: 1 | AC65: data kurang | AD65: =IF(Raw_Data[[#This Row],[rasio]]<0.2,1,IF(Raw_Data[[#This Row],[rasio]]<0.3,2,IF(Raw_Data[[#This Row],[rasio]]<0.4,3,4))) -> 3 | AE65: =IF(Raw_Data[[#This Row],[kategori_dp]]="High",1,IF(Raw_Data[[#This Row],[kategori_dp]]="Medium",2,3)) -> 3 | AF65: =IF(Raw_Data[[#This Row],[tenor_bulan]]<=24,1,IF(Raw_Data[[#This Row],[tenor_bulan]]<=36,2,IF(Raw_Data[[#This Row],[tenor_bulan]]<=48,3,4))) -> 4 | AG65: =IF(Raw_Data[[#This Row],[jumlah_kali_telat]]=0,0,IF(Raw_Data[[#This Row],[jumlah_kali_telat]]<=2,2,4)) -> 0 | AH65: =Raw_Data[[#This Row],[Skor_Rasio]]+Raw_Data[[#This Row],[Skor_DP]]+Raw_Data[[#This Row],[Skor_Tenor]]+Raw_Data[[#This Row],[Skor_Telat]] -> 10 | AI65: =IF(Raw_Data[[#This Row],[Risk_Score]]<=6,"Low Risk",IF(Raw_Data[[#This Row],[Risk_Score]]<=8,"Medium Risk","High Risk")) -> High Risk | AJ65: =IFERROR(DATEDIF(Raw_Data[[#This Row],[tanggal_pengajuan]],TODAY(),"m"),"N/A") -> 4 | AK65: =IF(ISNUMBER(Raw_Data[[#This Row],[MOB]]),IF(Raw_Data[[#This Row],[MOB]]<6,"0-5 bulan",IF(Raw_Data[[#This Row],[MOB]]<12,"6-11 bulan",IF(Raw_Data[[#This Row],[MOB]]<24,"12-23 bulan","24+ bulan"))),"N/A") -> 0-5 bulan
A66: KRM00066 | B66: 46237 | C66: =TEXT(B66,"mmmm") -> August | D66: Eka Cahyono | E66: 67181506836062 | F66: 37 | G66: Lakilaki | H66: Guru/Dosen | I66: 5224000 | J66: =Raw_Data[[#This Row],[cicilan_per_bulan]]/Raw_Data[[#This Row],[penghasilan_bulanan]] -> 0.15030628 | K66: Bandung | L66: Jawa Barat | M66: Honda | N66: Genio | O66: Matic Entry | P66: 19477000 | Q66: 4869000 | R66: =IF(Raw_Data[[#This Row],[persen_dp]]<15%,"Low",IF(Raw_Data[[#This Row],[persen_dp]]>25%,"High","Medium")) -> Medium | S66: 0.25 | T66: 24 | U66: 0.145 | V66: 785200 | W66: 18845000 | X66: =IF(OR(Raw_Data[[#This Row],[status_pembayaran]]="Macet",Raw_Data[[#This Row],[status_pembayaran]]="Kurang Lancar"),"Non Performing Loan","Performing") -> Performing | Y66: Lancar | Z66: 0 | AA66: 0 | AB66: 1 | AC66: verifikasi | AD66: =IF(Raw_Data[[#This Row],[rasio]]<0.2,1,IF(Raw_Data[[#This Row],[rasio]]<0.3,2,IF(Raw_Data[[#This Row],[rasio]]<0.4,3,4))) -> 1 | AE66: =IF(Raw_Data[[#This Row],[kategori_dp]]="High",1,IF(Raw_Data[[#This Row],[kategori_dp]]="Medium",2,3)) -> 2 | AF66: =IF(Raw_Data[[#This Row],[tenor_bulan]]<=24,1,IF(Raw_Data[[#This Row],[tenor_bulan]]<=36,2,IF(Raw_Data[[#This Row],[tenor_bulan]]<=48,3,4))) -> 1 | AG66: =IF(Raw_Data[[#This Row],[jumlah_kali_telat]]=0,0,IF(Raw_Data[[#This Row],[jumlah_kali_telat]]<=2,2,4)) -> 0 | AH66: =Raw_Data[[#This Row],[Skor_Rasio]]+Raw_Data[[#This Row],[Skor_DP]]+Raw_Data[[#This Row],[Skor_Tenor]]+Raw_Data[[#This Row],[Skor_Telat]] -> 4 | AI66: =IF(Raw_Data[[#This Row],[Risk_Score]]<=6,"Low Risk",IF(Raw_Data[[#This Row],[Risk_Score]]<=8,"Medium Risk","High Risk")) -> Low Risk | AJ66: =IFERROR(DATEDIF(Raw_Data[[#This Row],[tanggal_pengajuan]],TODAY(),"m"),"N/A") -> 2 | AK66: =IF(ISNUMBER(Raw_Data[[#This Row],[MOB]]),IF(Raw_Data[[#This Row],[MOB]]<6,"0-5 bulan",IF(Raw_Data[[#This Row],[MOB]]<12,"6-11 bulan",IF(Raw_Data[[#This Row],[MOB]]<24,"12-23 bulan","24+ bulan"))),"N/A") -> 0-5 bulan
A67: KRM00067 | B67: 46186 | C67: =TEXT(B67,"mmmm") -> June | D67: Joko Hakim | E67: 81152410742744 | F67: 44 | G67: Perempuan | H67: Karyawan Swasta | I67: 6582000 | J67: =Raw_Data[[#This Row],[cicilan_per_bulan]]/Raw_Data[[#This Row],[penghasilan_bulanan]] -> 0.0674567 | K67: Banjarmasin | L67: Kalimantan Selatan | M67: Honda | N67: Beat Street | O67: Matic Entry | P67: 19303000 | Q67: 3861000 | R67: =IF(Raw_Data[[#This Row],[persen_dp]]<15%,"Low",IF(Raw_Data[[#This Row],[persen_dp]]>25%,"High","Medium")) -> Medium | S67: 0.2 | T67: 60 | U67: 0.145 | V67: 444000 | W67: 26638000 | X67: =IF(OR(Raw_Data[[#This Row],[status_pembayaran]]="Macet",Raw_Data[[#This Row],[status_pembayaran]]="Kurang Lancar"),"Non Performing Loan","Performing") -> Performing | Y67: Lunas | Z67: 0 | AA67: 0 | AB67: 0 | AC67: survey ulang | AD67: =IF(Raw_Data[[#This Row],[rasio]]<0.2,1,IF(Raw_Data[[#This Row],[rasio]]<0.3,2,IF(Raw_Data[[#This Row],[rasio]]<0.4,3,4))) -> 1 | AE67: =IF(Raw_Data[[#This Row],[kategori_dp]]="High",1,IF(Raw_Data[[#This Row],[kategori_dp]]="Medium",2,3)) -> 2 | AF67: =IF(Raw_Data[[#This Row],[tenor_bulan]]<=24,1,IF(Raw_Data[[#This Row],[tenor_bulan]]<=36,2,IF(Raw_Data[[#This Row],[tenor_bulan]]<=48,3,4))) -> 4 | AG67: =IF(Raw_Data[[#This Row],[jumlah_kali_telat]]=0,0,IF(Raw_Data[[#This Row],[jumlah_kali_telat]]<=2,2,4)) -> 0 | AH67: =Raw_Data[[#This Row],[Skor_Rasio]]+Raw_Data[[#This Row],[Skor_DP]]+Raw_Data[[#This Row],[Skor_Tenor]]+Raw_Data[[#This Row],[Skor_Telat]] -> 7 | AI67: =IF(Raw_Data[[#This Row],[Risk_Score]]<=6,"Low Risk",IF(Raw_Data[[#This Row],[Risk_Score]]<=8,"Medium Risk","High Risk")) -> Medium Risk | AJ67: =IFERROR(DATEDIF(Raw_Data[[#This Row],[tanggal_pengajuan]],TODAY(),"m"),"N/A") -> 4 | AK67: =IF(ISNUMBER(Raw_Data[[#This Row],[MOB]]),IF(Raw_Data[[#This Row],[MOB]]<6,"0-5 bulan",IF(Raw_Data[[#This Row],[MOB]]<12,"6-11 bulan",IF(Raw_Data[[#This Row],[MOB]]<24,"12-23 bulan","24+ bulan"))),"N/A") -> 0-5 bulan
A68: KRM00068 | B68: 46112 | C68: =TEXT(B68,"mmmm") -> March | D68: Budi Utami | E68: 64862401881379 | F68: 39 | G68: Lakilaki | H68: Freelancer | I68: 6803000 | J68: =Raw_Data[[#This Row],[cicilan_per_bulan]]/Raw_Data[[#This Row],[penghasilan_bulanan]] -> 0.078097898 | K68: Jakarta Selatan | L68: DKI Jakarta | M68: Suzuki | N68: Address | O68: Matic Mid | P68: 20504000 | Q68: 7176000 | R68: =IF(Raw_Data[[#This Row],[persen_dp]]<15%,"Low",IF(Raw_Data[[#This Row],[persen_dp]]>25%,"High","Medium")) -> High | S68: 0.35 | T68: 36 | U68: 0.145 | V68: 531300 | W68: 19126000 | X68: =IF(OR(Raw_Data[[#This Row],[status_pembayaran]]="Macet",Raw_Data[[#This Row],[status_pembayaran]]="Kurang Lancar"),"Non Performing Loan","Performing") -> Performing | Y68: Lancar | Z68: 0 | AA68: 0 | AB68: 1 | AD68: =IF(Raw_Data[[#This Row],[rasio]]<0.2,1,IF(Raw_Data[[#This Row],[rasio]]<0.3,2,IF(Raw_Data[[#This Row],[rasio]]<0.4,3,4))) -> 1 | AE68: =IF(Raw_Data[[#This Row],[kategori_dp]]="High",1,IF(Raw_Data[[#This Row],[kategori_dp]]="Medium",2,3)) -> 1 | AF68: =IF(Raw_Data[[#This Row],[tenor_bulan]]<=24,1,IF(Raw_Data[[#This Row],[tenor_bulan]]<=36,2,IF(Raw_Data[[#This Row],[tenor_bulan]]<=48,3,4))) -> 2 | AG68: =IF(Raw_Data[[#This Row],[jumlah_kali_telat]]=0,0,IF(Raw_Data[[#This Row],[jumlah_kali_telat]]<=2,2,4)) -> 0 | AH68: =Raw_Data[[#This Row],[Skor_Rasio]]+Raw_Data[[#This Row],[Skor_DP]]+Raw_Data[[#This Row],[Skor_Tenor]]+Raw_Data[[#This Row],[Skor_Telat]] -> 4 | AI68: =IF(Raw_Data[[#This Row],[Risk_Score]]<=6,"Low Risk",IF(Raw_Data[[#This Row],[Risk_Score]]<=8,"Medium Risk","High Risk")) -> Low Risk | AJ68: =IFERROR(DATEDIF(Raw_Data[[#This Row],[tanggal_pengajuan]],TODAY(),"m"),"N/A") -> 6 | AK68: =IF(ISNUMBER(Raw_Data[[#This Row],[MOB]]),IF(Raw_Data[[#This Row],[MOB]]<6,"0-5 bulan",IF(Raw_Data[[#This Row],[MOB]]<12,"6-11 bulan",IF(Raw_Data[[#This Row],[MOB]]<24,"12-23 bulan","24+ bulan"))),"N/A") -> 6-11 bulan
A69: KRM00069 | B69: 46023 | C69: =TEXT(B69,"mmmm") -> January | D69: Maya Fauzi | E69: Invalid | F69: 27 | G69: Lakilaki | H69: Karyawan Swasta | I69: 5550000 | J69: =Raw_Data[[#This Row],[cicilan_per_bulan]]/Raw_Data[[#This Row],[penghasilan_bulanan]] -> 0.093675676 | K69: Yogyakarta | L69: DIY | M69: Yamaha | N69: Freego | O69: Matic Mid | P69: 22602000 | Q69: 4520000 | R69: =IF(Raw_Data[[#This Row],[persen_dp]]<15%,"Low",IF(Raw_Data[[#This Row],[persen_dp]]>25%,"High","Medium")) -> Medium | S69: 0.2 | T69: 60 | U69: 0.145 | V69: 519900 | W69: 31192000 | X69: =IF(OR(Raw_Data[[#This Row],[status_pembayaran]]="Macet",Raw_Data[[#This Row],[status_pembayaran]]="Kurang Lancar"),"Non Performing Loan","Performing") -> Performing | Y69: Lancar | Z69: 0 | AA69: 0 | AB69: 1 | AC69: data kurang | AD69: =IF(Raw_Data[[#This Row],[rasio]]<0.2,1,IF(Raw_Data[[#This Row],[rasio]]<0.3,2,IF(Raw_Data[[#This Row],[rasio]]<0.4,3,4))) -> 1 | AE69: =IF(Raw_Data[[#This Row],[kategori_dp]]="High",1,IF(Raw_Data[[#This Row],[kategori_dp]]="Medium",2,3)) -> 2 | AF69: =IF(Raw_Data[[#This Row],[tenor_bulan]]<=24,1,IF(Raw_Data[[#This Row],[tenor_bulan]]<=36,2,IF(Raw_Data[[#This Row],[tenor_bulan]]<=48,3,4))) -> 4 | AG69: =IF(Raw_Data[[#This Row],[jumlah_kali_telat]]=0,0,IF(Raw_Data[[#This Row],[jumlah_kali_telat]]<=2,2,4)) -> 0 | AH69: =Raw_Data[[#This Row],[Skor_Rasio]]+Raw_Data[[#This Row],[Skor_DP]]+Raw_Data[[#This Row],[Skor_Tenor]]+Raw_Data[[#This Row],[Skor_Telat]] -> 7 | AI69: =IF(Raw_Data[[#This Row],[Risk_Score]]<=6,"Low Risk",IF(Raw_Data[[#This Row],[Risk_Score]]<=8,"Medium Risk","High Risk")) -> Medium Risk | AJ69: =IFERROR(DATEDIF(Raw_Data[[#This Row],[tanggal_pengajuan]],TODAY(),"m"),"N/A") -> 9 | AK69: =IF(ISNUMBER(Raw_Data[[#This Row],[MOB]]),IF(Raw_Data[[#This Row],[MOB]]<6,"0-5 bulan",IF(Raw_Data[[#This Row],[MOB]]<12,"6-11 bulan",IF(Raw_Data[[#This Row],[MOB]]<24,"12-23 bulan","24+ bulan"))),"N/A") -> 6-11 bulan
A70: KRM00070 | B70: 46049 | C70: =TEXT(B70,"mmmm") -> January | D70: Ayu Purnama | E70: 34011408851392 | F70: 39 | G70: Perempuan | H70: Pns | I70: 4688000 | J70: =Raw_Data[[#This Row],[cicilan_per_bulan]]/Raw_Data[[#This Row],[penghasilan_bulanan]] -> 0.159343 | K70: Medan | L70: Sumatera Utara | M70: Honda | N70: Vario 160 | O70: Matic Mid | P70: 28870000 | Q70: 2887000 | R70: =IF(Raw_Data[[#This Row],[persen_dp]]<15%,"Low",IF(Raw_Data[[#This Row],[persen_dp]]>25%,"High","Medium")) -> Low | S70: 0.1 | T70: 60 | U70: 0.145 | V70: 747000 | W70: 44821000 | X70: =IF(OR(Raw_Data[[#This Row],[status_pembayaran]]="Macet",Raw_Data[[#This Row],[status_pembayaran]]="Kurang Lancar"),"Non Performing Loan","Performing") -> Performing | Y70: Lancar | Z70: 0 | AA70: 0 | AB70: 1 | AC70: approved | AD70: =IF(Raw_Data[[#This Row],[rasio]]<0.2,1,IF(Raw_Data[[#This Row],[rasio]]<0.3,2,IF(Raw_Data[[#This Row],[rasio]]<0.4,3,4))) -> 1 | AE70: =IF(Raw_Data[[#This Row],[kategori_dp]]="High",1,IF(Raw_Data[[#This Row],[kategori_dp]]="Medium",2,3)) -> 3 | AF70: =IF(Raw_Data[[#This Row],[tenor_bulan]]<=24,1,IF(Raw_Data[[#This Row],[tenor_bulan]]<=36,2,IF(Raw_Data[[#This Row],[tenor_bulan]]<=48,3,4))) -> 4 | AG70: =IF(Raw_Data[[#This Row],[jumlah_kali_telat]]=0,0,IF(Raw_Data[[#This Row],[jumlah_kali_telat]]<=2,2,4)) -> 0 | AH70: =Raw_Data[[#This Row],[Skor_Rasio]]+Raw_Data[[#This Row],[Skor_DP]]+Raw_Data[[#This Row],[Skor_Tenor]]+Raw_Data[[#This Row],[Skor_Telat]] -> 8 | AI70: =IF(Raw_Data[[#This Row],[Risk_Score]]<=6,"Low Risk",IF(Raw_Data[[#This Row],[Risk_Score]]<=8,"Medium Risk","High Risk")) -> Medium Risk | AJ70: =IFERROR(DATEDIF(Raw_Data[[#This Row],[tanggal_pengajuan]],TODAY(),"m"),"N/A") -> 8 | AK70: =IF(ISNUMBER(Raw_Data[[#This Row],[MOB]]),IF(Raw_Data[[#This Row],[MOB]]<6,"0-5 bulan",IF(Raw_Data[[#This Row],[MOB]]<12,"6-11 bulan",IF(Raw_Data[[#This Row],[MOB]]<24,"12-23 bulan","24+ bulan"))),"N/A") -> 6-11 bulan
A71: KRM00071 | B71: 46160 | C71: =TEXT(B71,"mmmm") -> May | D71: Siti Wijaya | E71: 68142807808226 | F71: 30 | G71: Perempuan | H71: Tni/Polri | I71: 5435000 | J71: =Raw_Data[[#This Row],[cicilan_per_bulan]]/Raw_Data[[#This Row],[penghasilan_bulanan]] -> 0.28535419 | K71: Medan | L71: Sumatera Utara | M71: Honda | N71: ADV 160 | O71: Adventure | P71: 44390000 | Q71: 15536000 | R71: =IF(Raw_Data[[#This Row],[persen_dp]]<15%,"Low",IF(Raw_Data[[#This Row],[persen_dp]]>25%,"High","Medium")) -> High | S71: 0.35 | T71: 24 | U71: 0.145 | V71: 1550900 | W71: 37221000 | X71: =IF(OR(Raw_Data[[#This Row],[status_pembayaran]]="Macet",Raw_Data[[#This Row],[status_pembayaran]]="Kurang Lancar"),"Non Performing Loan","Performing") -> Performing | Y71: Lancar | Z71: 0 | AA71: 0 | AB71: 1 | AD71: =IF(Raw_Data[[#This Row],[rasio]]<0.2,1,IF(Raw_Data[[#This Row],[rasio]]<0.3,2,IF(Raw_Data[[#This Row],[rasio]]<0.4,3,4))) -> 2 | AE71: =IF(Raw_Data[[#This Row],[kategori_dp]]="High",1,IF(Raw_Data[[#This Row],[kategori_dp]]="Medium",2,3)) -> 1 | AF71: =IF(Raw_Data[[#This Row],[tenor_bulan]]<=24,1,IF(Raw_Data[[#This Row],[tenor_bulan]]<=36,2,IF(Raw_Data[[#This Row],[tenor_bulan]]<=48,3,4))) -> 1 | AG71: =IF(Raw_Data[[#This Row],[jumlah_kali_telat]]=0,0,IF(Raw_Data[[#This Row],[jumlah_kali_telat]]<=2,2,4)) -> 0 | AH71: =Raw_Data[[#This Row],[Skor_Rasio]]+Raw_Data[[#This Row],[Skor_DP]]+Raw_Data[[#This Row],[Skor_Tenor]]+Raw_Data[[#This Row],[Skor_Telat]] -> 4 | AI71: =IF(Raw_Data[[#This Row],[Risk_Score]]<=6,"Low Risk",IF(Raw_Data[[#This Row],[Risk_Score]]<=8,"Medium Risk","High Risk")) -> Low Risk | AJ71: =IFERROR(DATEDIF(Raw_Data[[#This Row],[tanggal_pengajuan]],TODAY(),"m"),"N/A") -> 5 | AK71: =IF(ISNUMBER(Raw_Data[[#This Row],[MOB]]),IF(Raw_Data[[#This Row],[MOB]]<6,"0-5 bulan",IF(Raw_Data[[#This Row],[MOB]]<12,"6-11 bulan",IF(Raw_Data[[#This Row],[MOB]]<24,"12-23 bulan","24+ bulan"))),"N/A") -> 0-5 bulan
A72: KRM00072 | B72: 46182 | C72: =TEXT(B72,"mmmm") -> June | D72: Tri Kurniawan | E72: 55171002628640 | F72: 45 | G72: Perempuan | H72: Wiraswasta | I72: 14579000 | J72: =Raw_Data[[#This Row],[cicilan_per_bulan]]/Raw_Data[[#This Row],[penghasilan_bulanan]] -> 0.056704849 | K72: Bandung | L72: Jawa Barat | M72: Honda | N72: Vario 160 | O72: Matic Mid | P72: 29629000 | Q72: 8889000 | R72: =IF(Raw_Data[[#This Row],[persen_dp]]<15%,"Low",IF(Raw_Data[[#This Row],[persen_dp]]>25%,"High","Medium")) -> High | S72: 0.3 | T72: 36 | U72: 0.145 | V72: 826700 | W72: 29762000 | X72: =IF(OR(Raw_Data[[#This Row],[status_pembayaran]]="Macet",Raw_Data[[#This Row],[status_pembayaran]]="Kurang Lancar"),"Non Performing Loan","Performing") -> Performing | Y72: Lancar | Z72: 0 | AA72: 0 | AB72: 1 | AC72: ok | AD72: =IF(Raw_Data[[#This Row],[rasio]]<0.2,1,IF(Raw_Data[[#This Row],[rasio]]<0.3,2,IF(Raw_Data[[#This Row],[rasio]]<0.4,3,4))) -> 1 | AE72: =IF(Raw_Data[[#This Row],[kategori_dp]]="High",1,IF(Raw_Data[[#This Row],[kategori_dp]]="Medium",2,3)) -> 1 | AF72: =IF(Raw_Data[[#This Row],[tenor_bulan]]<=24,1,IF(Raw_Data[[#This Row],[tenor_bulan]]<=36,2,IF(Raw_Data[[#This Row],[tenor_bulan]]<=48,3,4))) -> 2 | AG72: =IF(Raw_Data[[#This Row],[jumlah_kali_telat]]=0,0,IF(Raw_Data[[#This Row],[jumlah_kali_telat]]<=2,2,4)) -> 0 | AH72: =Raw_Data[[#This Row],[Skor_Rasio]]+Raw_Data[[#This Row],[Skor_DP]]+Raw_Data[[#This Row],[Skor_Tenor]]+Raw_Data[[#This Row],[Skor_Telat]] -> 4 | AI72: =IF(Raw_Data[[#This Row],[Risk_Score]]<=6,"Low Risk",IF(Raw_Data[[#This Row],[Risk_Score]]<=8,"Medium Risk","High Risk")) -> Low Risk | AJ72: =IFERROR(DATEDIF(Raw_Data[[#This Row],[tanggal_pengajuan]],TODAY(),"m"),"N/A") -> 4 | AK72: =IF(ISNUMBER(Raw_Data[[#This Row],[MOB]]),IF(Raw_Data[[#This Row],[MOB]]<6,"0-5 bulan",IF(Raw_Data[[#This Row],[MOB]]<12,"6-11 bulan",IF(Raw_Data[[#This Row],[MOB]]<24,"12-23 bulan","24+ bulan"))),"N/A") -> 0-5 bulan
A73: KRM00073 | B73: 46093 | C73: =TEXT(B73,"mmmm") -> March | D73: Dian Wijaya | E73: 55872709579904 | F73: 25 | G73: Perempuan | H73: Wiraswasta | I73: 7721000 | J73: =Raw_Data[[#This Row],[cicilan_per_bulan]]/Raw_Data[[#This Row],[penghasilan_bulanan]] -> 0.081789924 | K73: Jakarta Selatan | L73: DKI Jakarta | M73: Honda | N73: Scoopy | O73: Matic Stylish | P73: 24407000 | Q73: 2441000 | R73: =IF(Raw_Data[[#This Row],[persen_dp]]<15%,"Low",IF(Raw_Data[[#This Row],[persen_dp]]>25%,"High","Medium")) -> Low | S73: 0.1 | T73: 60 | U73: 0.145 | V73: 631500 | W73: 37891000 | X73: =IF(OR(Raw_Data[[#This Row],[status_pembayaran]]="Macet",Raw_Data[[#This Row],[status_pembayaran]]="Kurang Lancar"),"Non Performing Loan","Performing") -> Performing | Y73: Lancar | Z73: 0 | AA73: 0 | AB73: 1 | AC73: survey ulang | AD73: =IF(Raw_Data[[#This Row],[rasio]]<0.2,1,IF(Raw_Data[[#This Row],[rasio]]<0.3,2,IF(Raw_Data[[#This Row],[rasio]]<0.4,3,4))) -> 1 | AE73: =IF(Raw_Data[[#This Row],[kategori_dp]]="High",1,IF(Raw_Data[[#This Row],[kategori_dp]]="Medium",2,3)) -> 3 | AF73: =IF(Raw_Data[[#This Row],[tenor_bulan]]<=24,1,IF(Raw_Data[[#This Row],[tenor_bulan]]<=36,2,IF(Raw_Data[[#This Row],[tenor_bulan]]<=48,3,4))) -> 4 | AG73: =IF(Raw_Data[[#This Row],[jumlah_kali_telat]]=0,0,IF(Raw_Data[[#This Row],[jumlah_kali_telat]]<=2,2,4)) -> 0 | AH73: =Raw_Data[[#This Row],[Skor_Rasio]]+Raw_Data[[#This Row],[Skor_DP]]+Raw_Data[[#This Row],[Skor_Tenor]]+Raw_Data[[#This Row],[Skor_Telat]] -> 8 | AI73: =IF(Raw_Data[[#This Row],[Risk_Score]]<=6,"Low Risk",IF(Raw_Data[[#This Row],[Risk_Score]]<=8,"Medium Risk","High Risk")) -> Medium Risk | AJ73: =IFERROR(DATEDIF(Raw_Data[[#This Row],[tanggal_pengajuan]],TODAY(),"m"),"N/A") -> 7 | AK73: =IF(ISNUMBER(Raw_Data[[#This Row],[MOB]]),IF(Raw_Data[[#This Row],[MOB]]<6,"0-5 bulan",IF(Raw_Data[[#This Row],[MOB]]<12,"6-11 bulan",IF(Raw_Data[[#This Row],[MOB]]<24,"12-23 bulan","24+ bulan"))),"N/A") -> 6-11 bulan
A74: KRM00074 | B74: 46122 | C74: =TEXT(B74,"mmmm") -> April | D74: Hendra Hidayah | E74: 46371506802058 | F74: 29 | G74: Perempuan | H74: Wiraswasta | I74: 9851000 | J74: =Raw_Data[[#This Row],[cicilan_per_bulan]]/Raw_Data[[#This Row],[penghasilan_bulanan]] -> 0.076215613 | K74: Tangerang | L74: Banten | M74: Honda | N74: Vario 160 | O74: Matic Mid | P74: 29018000 | Q74: 2902000 | R74: =IF(Raw_Data[[#This Row],[persen_dp]]<15%,"Low",IF(Raw_Data[[#This Row],[persen_dp]]>25%,"High","Medium")) -> Low | S74: 0.1 | T74: 60 | U74: 0.145 | V74: 750800 | W74: 45050000 | X74: =IF(OR(Raw_Data[[#This Row],[status_pembayaran]]="Macet",Raw_Data[[#This Row],[status_pembayaran]]="Kurang Lancar"),"Non Performing Loan","Performing") -> Performing | Y74: Lancar | Z74: 0 | AA74: 0 | AB74: 1 | AD74: =IF(Raw_Data[[#This Row],[rasio]]<0.2,1,IF(Raw_Data[[#This Row],[rasio]]<0.3,2,IF(Raw_Data[[#This Row],[rasio]]<0.4,3,4))) -> 1 | AE74: =IF(Raw_Data[[#This Row],[kategori_dp]]="High",1,IF(Raw_Data[[#This Row],[kategori_dp]]="Medium",2,3)) -> 3 | AF74: =IF(Raw_Data[[#This Row],[tenor_bulan]]<=24,1,IF(Raw_Data[[#This Row],[tenor_bulan]]<=36,2,IF(Raw_Data[[#This Row],[tenor_bulan]]<=48,3,4))) -> 4 | AG74: =IF(Raw_Data[[#This Row],[jumlah_kali_telat]]=0,0,IF(Raw_Data[[#This Row],[jumlah_kali_telat]]<=2,2,4)) -> 0 | AH74: =Raw_Data[[#This Row],[Skor_Rasio]]+Raw_Data[[#This Row],[Skor_DP]]+Raw_Data[[#This Row],[Skor_Tenor]]+Raw_Data[[#This Row],[Skor_Telat]] -> 8 | AI74: =IF(Raw_Data[[#This Row],[Risk_Score]]<=6,"Low Risk",IF(Raw_Data[[#This Row],[Risk_Score]]<=8,"Medium Risk","High Risk")) -> Medium Risk | AJ74: =IFERROR(DATEDIF(Raw_Data[[#This Row],[tanggal_pengajuan]],TODAY(),"m"),"N/A") -> 6 | AK74: =IF(ISNUMBER(Raw_Data[[#This Row],[MOB]]),IF(Raw_Data[[#This Row],[MOB]]<6,"0-5 bulan",IF(Raw_Data[[#This Row],[MOB]]<12,"6-11 bulan",IF(Raw_Data[[#This Row],[MOB]]<24,"12-23 bulan","24+ bulan"))),"N/A") -> 6-11 bulan
A75: KRM00075 | B75: 46031 | C75: =TEXT(B75,"mmmm") -> January | D75: Lestari Purnama | E75: 95701304693024 | F75: 37 | G75: Lakilaki | H75: Pns | I75: 6156000 | J75: =Raw_Data[[#This Row],[cicilan_per_bulan]]/Raw_Data[[#This Row],[penghasilan_bulanan]] -> 0.069282001 | K75: Bogor | L75: Jawa Barat | M75: Suzuki | N75: Nex II | O75: Matic Entry | P75: 16461000 | Q75: 5761000 | R75: =IF(Raw_Data[[#This Row],[persen_dp]]<15%,"Low",IF(Raw_Data[[#This Row],[persen_dp]]>25%,"High","Medium")) -> High | S75: 0.35 | T75: 36 | U75: 0.145 | V75: 426500 | W75: 15354000 | X75: =IF(OR(Raw_Data[[#This Row],[status_pembayaran]]="Macet",Raw_Data[[#This Row],[status_pembayaran]]="Kurang Lancar"),"Non Performing Loan","Performing") -> Performing | Y75: Lancar | Z75: 0 | AA75: 0 | AB75: 1 | AC75: approved | AD75: =IF(Raw_Data[[#This Row],[rasio]]<0.2,1,IF(Raw_Data[[#This Row],[rasio]]<0.3,2,IF(Raw_Data[[#This Row],[rasio]]<0.4,3,4))) -> 1 | AE75: =IF(Raw_Data[[#This Row],[kategori_dp]]="High",1,IF(Raw_Data[[#This Row],[kategori_dp]]="Medium",2,3)) -> 1 | AF75: =IF(Raw_Data[[#This Row],[tenor_bulan]]<=24,1,IF(Raw_Data[[#This Row],[tenor_bulan]]<=36,2,IF(Raw_Data[[#This Row],[tenor_bulan]]<=48,3,4))) -> 2 | AG75: =IF(Raw_Data[[#This Row],[jumlah_kali_telat]]=0,0,IF(Raw_Data[[#This Row],[jumlah_kali_telat]]<=2,2,4)) -> 0 | AH75: =Raw_Data[[#This Row],[Skor_Rasio]]+Raw_Data[[#This Row],[Skor_DP]]+Raw_Data[[#This Row],[Skor_Tenor]]+Raw_Data[[#This Row],[Skor_Telat]] -> 4 | AI75: =IF(Raw_Data[[#This Row],[Risk_Score]]<=6,"Low Risk",IF(Raw_Data[[#This Row],[Risk_Score]]<=8,"Medium Risk","High Risk")) -> Low Risk | AJ75: =IFERROR(DATEDIF(Raw_Data[[#This Row],[tanggal_pengajuan]],TODAY(),"m"),"N/A") -> 9 | AK75: =IF(ISNUMBER(Raw_Data[[#This Row],[MOB]]),IF(Raw_Data[[#This Row],[MOB]]<6,"0-5 bulan",IF(Raw_Data[[#This Row],[MOB]]<12,"6-11 bulan",IF(Raw_Data[[#This Row],[MOB]]<24,"12-23 bulan","24+ bulan"))),"N/A") -> 6-11 bulan
A76: KRM00076 | B76: 46035 | C76: =TEXT(B76,"mmmm") -> January | D76: Yusuf Wijaya | E76: 47501609501492 | F76: 41 | G76: Lakilaki | H76: Buruh/Operator | I76: 3957000 | J76: =Raw_Data[[#This Row],[cicilan_per_bulan]]/Raw_Data[[#This Row],[penghasilan_bulanan]] -> 0.097371746 | K76: Bekasi | L76: Jawa Barat | M76: Yamaha | N76: Freego | O76: Matic Mid | P76: 22336000 | Q76: 8934000 | R76: =IF(Raw_Data[[#This Row],[persen_dp]]<15%,"Low",IF(Raw_Data[[#This Row],[persen_dp]]>25%,"High","Medium")) -> High | S76: 0.4 | T76: 60 | U76: 0.145 | V76: 385300 | W76: 23119000 | X76: =IF(OR(Raw_Data[[#This Row],[status_pembayaran]]="Macet",Raw_Data[[#This Row],[status_pembayaran]]="Kurang Lancar"),"Non Performing Loan","Performing") -> Performing | Y76: Lancar | Z76: 0 | AA76: 0 | AB76: 1 | AC76: survey ulang | AD76: =IF(Raw_Data[[#This Row],[rasio]]<0.2,1,IF(Raw_Data[[#This Row],[rasio]]<0.3,2,IF(Raw_Data[[#This Row],[rasio]]<0.4,3,4))) -> 1 | AE76: =IF(Raw_Data[[#This Row],[kategori_dp]]="High",1,IF(Raw_Data[[#This Row],[kategori_dp]]="Medium",2,3)) -> 1 | AF76: =IF(Raw_Data[[#This Row],[tenor_bulan]]<=24,1,IF(Raw_Data[[#This Row],[tenor_bulan]]<=36,2,IF(Raw_Data[[#This Row],[tenor_bulan]]<=48,3,4))) -> 4 | AG76: =IF(Raw_Data[[#This Row],[jumlah_kali_telat]]=0,0,IF(Raw_Data[[#This Row],[jumlah_kali_telat]]<=2,2,4)) -> 0 | AH76: =Raw_Data[[#This Row],[Skor_Rasio]]+Raw_Data[[#This Row],[Skor_DP]]+Raw_Data[[#This Row],[Skor_Tenor]]+Raw_Data[[#This Row],[Skor_Telat]] -> 6 | AI76: =IF(Raw_Data[[#This Row],[Risk_Score]]<=6,"Low Risk",IF(Raw_Data[[#This Row],[Risk_Score]]<=8,"Medium Risk","High Risk")) -> Low Risk | AJ76: =IFERROR(DATEDIF(Raw_Data[[#This Row],[tanggal_pengajuan]],TODAY(),"m"),"N/A") -> 9 | AK76: =IF(ISNUMBER(Raw_Data[[#This Row],[MOB]]),IF(Raw_Data[[#This Row],[MOB]]<6,"0-5 bulan",IF(Raw_Data[[#This Row],[MOB]]<12,"6-11 bulan",IF(Raw_Data[[#This Row],[MOB]]<24,"12-23 bulan","24+ bulan"))),"N/A") -> 6-11 bulan
A77: KRM00077 | B77: 46161 | C77: =TEXT(B77,"mmmm") -> May | D77: Hendra Anggraini | E77: 78172511818027 | F77: 24 | G77: Perempuan | H77: Karyawan Swasta | I77: 7434000 | J77: =Raw_Data[[#This Row],[cicilan_per_bulan]]/Raw_Data[[#This Row],[penghasilan_bulanan]] -> 0.075975249 | K77: Denpasar | L77: Bali | M77: Honda | N77: Vario 125 | O77: Matic Mid | P77: 24558000 | Q77: 4912000 | R77: =IF(Raw_Data[[#This Row],[persen_dp]]<15%,"Low",IF(Raw_Data[[#This Row],[persen_dp]]>25%,"High","Medium")) -> Medium | S77: 0.2 | T77: 60 | U77: 0.145 | V77: 564800 | W77: 33889000 | X77: =IF(OR(Raw_Data[[#This Row],[status_pembayaran]]="Macet",Raw_Data[[#This Row],[status_pembayaran]]="Kurang Lancar"),"Non Performing Loan","Performing") -> Performing | Y77: Lancar | Z77: 0 | AA77: 0 | AB77: 1 | AC77: verifikasi | AD77: =IF(Raw_Data[[#This Row],[rasio]]<0.2,1,IF(Raw_Data[[#This Row],[rasio]]<0.3,2,IF(Raw_Data[[#This Row],[rasio]]<0.4,3,4))) -> 1 | AE77: =IF(Raw_Data[[#This Row],[kategori_dp]]="High",1,IF(Raw_Data[[#This Row],[kategori_dp]]="Medium",2,3)) -> 2 | AF77: =IF(Raw_Data[[#This Row],[tenor_bulan]]<=24,1,IF(Raw_Data[[#This Row],[tenor_bulan]]<=36,2,IF(Raw_Data[[#This Row],[tenor_bulan]]<=48,3,4))) -> 4 | AG77: =IF(Raw_Data[[#This Row],[jumlah_kali_telat]]=0,0,IF(Raw_Data[[#This Row],[jumlah_kali_telat]]<=2,2,4)) -> 0 | AH77: =Raw_Data[[#This Row],[Skor_Rasio]]+Raw_Data[[#This Row],[Skor_DP]]+Raw_Data[[#This Row],[Skor_Tenor]]+Raw_Data[[#This Row],[Skor_Telat]] -> 7 | AI77: =IF(Raw_Data[[#This Row],[Risk_Score]]<=6,"Low Risk",IF(Raw_Data[[#This Row],[Risk_Score]]<=8,"Medium Risk","High Risk")) -> Medium Risk | AJ77: =IFERROR(DATEDIF(Raw_Data[[#This Row],[tanggal_pengajuan]],TODAY(),"m"),"N/A") -> 5 | AK77: =IF(ISNUMBER(Raw_Data[[#This Row],[MOB]]),IF(Raw_Data[[#This Row],[MOB]]<6,"0-5 bulan",IF(Raw_Data[[#This Row],[MOB]]<12,"6-11 bulan",IF(Raw_Data[[#This Row],[MOB]]<24,"12-23 bulan","24+ bulan"))),"N/A") -> 0-5 bulan
A78: KRM00078 | B78: 46126 | C78: =TEXT(B78,"mmmm") -> April | D78: Joko Hartono | E78: 93091007791857 | F78: 23 | G78: Lakilaki | H78: Karyawan Swasta | I78: 6719000 | J78: =Raw_Data[[#This Row],[cicilan_per_bulan]]/Raw_Data[[#This Row],[penghasilan_bulanan]] -> 0.082765292 | K78: Balikpapan | L78: Kalimantan Timur | M78: Suzuki | N78: Nex II | O78: Matic Entry | P78: 17243000 | Q78: 6897000 | R78: =IF(Raw_Data[[#This Row],[persen_dp]]<15%,"Low",IF(Raw_Data[[#This Row],[persen_dp]]>25%,"High","Medium")) -> High | S78: 0.4 | T78: 24 | U78: 0.145 | V78: 556100 | W78: 13346000 | X78: =IF(OR(Raw_Data[[#This Row],[status_pembayaran]]="Macet",Raw_Data[[#This Row],[status_pembayaran]]="Kurang Lancar"),"Non Performing Loan","Performing") -> Performing | Y78: Lancar | Z78: 0 | AA78: 0 | AB78: 1 | AC78: approved | AD78: =IF(Raw_Data[[#This Row],[rasio]]<0.2,1,IF(Raw_Data[[#This Row],[rasio]]<0.3,2,IF(Raw_Data[[#This Row],[rasio]]<0.4,3,4))) -> 1 | AE78: =IF(Raw_Data[[#This Row],[kategori_dp]]="High",1,IF(Raw_Data[[#This Row],[kategori_dp]]="Medium",2,3)) -> 1 | AF78: =IF(Raw_Data[[#This Row],[tenor_bulan]]<=24,1,IF(Raw_Data[[#This Row],[tenor_bulan]]<=36,2,IF(Raw_Data[[#This Row],[tenor_bulan]]<=48,3,4))) -> 1 | AG78: =IF(Raw_Data[[#This Row],[jumlah_kali_telat]]=0,0,IF(Raw_Data[[#This Row],[jumlah_kali_telat]]<=2,2,4)) -> 0 | AH78: =Raw_Data[[#This Row],[Skor_Rasio]]+Raw_Data[[#This Row],[Skor_DP]]+Raw_Data[[#This Row],[Skor_Tenor]]+Raw_Data[[#This Row],[Skor_Telat]] -> 3 | AI78: =IF(Raw_Data[[#This Row],[Risk_Score]]<=6,"Low Risk",IF(Raw_Data[[#This Row],[Risk_Score]]<=8,"Medium Risk","High Risk")) -> Low Risk | AJ78: =IFERROR(DATEDIF(Raw_Data[[#This Row],[tanggal_pengajuan]],TODAY(),"m"),"N/A") -> 6 | AK78: =IF(ISNUMBER(Raw_Data[[#This Row],[MOB]]),IF(Raw_Data[[#This Row],[MOB]]<6,"0-5 bulan",IF(Raw_Data[[#This Row],[MOB]]<12,"6-11 bulan",IF(Raw_Data[[#This Row],[MOB]]<24,"12-23 bulan","24+ bulan"))),"N/A") -> 6-11 bulan
A79: KRM00079 | B79: 46115 | C79: =TEXT(B79,"mmmm") -> April | D79: Dian Hidayah | E79: 68691002529642 | F79: 51 | G79: Lakilaki | H79: Driver Online | I79: 4906000 | J79: =Raw_Data[[#This Row],[cicilan_per_bulan]]/Raw_Data[[#This Row],[penghasilan_bulanan]] -> 0.34290664 | K79: Semarang | L79: Jawa Tengah | M79: Yamaha | N79: NMAX 155 | O79: Matic Premium | P79: 34777000 | Q79: 3478000 | R79: =IF(Raw_Data[[#This Row],[persen_dp]]<15%,"Low",IF(Raw_Data[[#This Row],[persen_dp]]>25%,"High","Medium")) -> Low | S79: 0.1 | T79: 24 | U79: 0.145 | V79: 1682300 | W79: 40375000 | X79: =IF(OR(Raw_Data[[#This Row],[status_pembayaran]]="Macet",Raw_Data[[#This Row],[status_pembayaran]]="Kurang Lancar"),"Non Performing Loan","Performing") -> Performing | Y79: Lancar | Z79: 0 | AA79: 0 | AB79: 1 | AC79: ok | AD79: =IF(Raw_Data[[#This Row],[rasio]]<0.2,1,IF(Raw_Data[[#This Row],[rasio]]<0.3,2,IF(Raw_Data[[#This Row],[rasio]]<0.4,3,4))) -> 3 | AE79: =IF(Raw_Data[[#This Row],[kategori_dp]]="High",1,IF(Raw_Data[[#This Row],[kategori_dp]]="Medium",2,3)) -> 3 | AF79: =IF(Raw_Data[[#This Row],[tenor_bulan]]<=24,1,IF(Raw_Data[[#This Row],[tenor_bulan]]<=36,2,IF(Raw_Data[[#This Row],[tenor_bulan]]<=48,3,4))) -> 1 | AG79: =IF(Raw_Data[[#This Row],[jumlah_kali_telat]]=0,0,IF(Raw_Data[[#This Row],[jumlah_kali_telat]]<=2,2,4)) -> 0 | AH79: =Raw_Data[[#This Row],[Skor_Rasio]]+Raw_Data[[#This Row],[Skor_DP]]+Raw_Data[[#This Row],[Skor_Tenor]]+Raw_Data[[#This Row],[Skor_Telat]] -> 7 | AI79: =IF(Raw_Data[[#This Row],[Risk_Score]]<=6,"Low Risk",IF(Raw_Data[[#This Row],[Risk_Score]]<=8,"Medium Risk","High Risk")) -> Medium Risk | AJ79: =IFERROR(DATEDIF(Raw_Data[[#This Row],[tanggal_pengajuan]],TODAY(),"m"),"N/A") -> 6 | AK79: =IF(ISNUMBER(Raw_Data[[#This Row],[MOB]]),IF(Raw_Data[[#This Row],[MOB]]<6,"0-5 bulan",IF(Raw_Data[[#This Row],[MOB]]<12,"6-11 bulan",IF(Raw_Data[[#This Row],[MOB]]<24,"12-23 bulan","24+ bulan"))),"N/A") -> 6-11 bulan
A80: KRM00080 | B80: 46101 | C80: =TEXT(B80,"mmmm") -> March | D80: Nia Hakim | E80: 76562304557496 | F80: 45 | G80: Lakilaki | H80: Buruh/Operator | I80: 3552000 | J80: =Raw_Data[[#This Row],[cicilan_per_bulan]]/Raw_Data[[#This Row],[penghasilan_bulanan]] -> 0.20053491 | K80: Tangerang | L80: Banten | M80: TVS | N80: Dazz | O80: Matic Entry | P80: 15591000 | Q80: 2339000 | R80: =IF(Raw_Data[[#This Row],[persen_dp]]<15%,"Low",IF(Raw_Data[[#This Row],[persen_dp]]>25%,"High","Medium")) -> Medium | S80: 0.15 | T80: 24 | U80: 0.145 | V80: 712300 | W80: 17095000 | X80: =IF(OR(Raw_Data[[#This Row],[status_pembayaran]]="Macet",Raw_Data[[#This Row],[status_pembayaran]]="Kurang Lancar"),"Non Performing Loan","Performing") -> Performing | Y80: Lancar | Z80: 0 | AA80: 0 | AB80: 1 | AC80: approved | AD80: =IF(Raw_Data[[#This Row],[rasio]]<0.2,1,IF(Raw_Data[[#This Row],[rasio]]<0.3,2,IF(Raw_Data[[#This Row],[rasio]]<0.4,3,4))) -> 2 | AE80: =IF(Raw_Data[[#This Row],[kategori_dp]]="High",1,IF(Raw_Data[[#This Row],[kategori_dp]]="Medium",2,3)) -> 2 | AF80: =IF(Raw_Data[[#This Row],[tenor_bulan]]<=24,1,IF(Raw_Data[[#This Row],[tenor_bulan]]<=36,2,IF(Raw_Data[[#This Row],[tenor_bulan]]<=48,3,4))) -> 1 | AG80: =IF(Raw_Data[[#This Row],[jumlah_kali_telat]]=0,0,IF(Raw_Data[[#This Row],[jumlah_kali_telat]]<=2,2,4)) -> 0 | AH80: =Raw_Data[[#This Row],[Skor_Rasio]]+Raw_Data[[#This Row],[Skor_DP]]+Raw_Data[[#This Row],[Skor_Tenor]]+Raw_Data[[#This Row],[Skor_Telat]] -> 5 | AI80: =IF(Raw_Data[[#This Row],[Risk_Score]]<=6,"Low Risk",IF(Raw_Data[[#This Row],[Risk_Score]]<=8,"Medium Risk","High Risk")) -> Low Risk | AJ80: =IFERROR(DATEDIF(Raw_Data[[#This Row],[tanggal_pengajuan]],TODAY(),"m"),"N/A") -> 7 | AK80: =IF(ISNUMBER(Raw_Data[[#This Row],[MOB]]),IF(Raw_Data[[#This Row],[MOB]]<6,"0-5 bulan",IF(Raw_Data[[#This Row],[MOB]]<12,"6-11 bulan",IF(Raw_Data[[#This Row],[MOB]]<24,"12-23 bulan","24+ bulan"))),"N/A") -> 6-11 bulan
A81: KRM00081 | B81: 46107 | C81: =TEXT(B81,"mmmm") -> March | D81: Eka Permata | E81: 46281208614614 | F81: 35 | G81: Perempuan | H81: Pns | I81: 6195000 | J81: =Raw_Data[[#This Row],[cicilan_per_bulan]]/Raw_Data[[#This Row],[penghasilan_bulanan]] -> 0.051138015 | K81: Bogor | L81: Jawa Barat | M81: Honda | N81: Revo X | O81: Bebek | P81: 18366000 | Q81: 7346000 | R81: =IF(Raw_Data[[#This Row],[persen_dp]]<15%,"Low",IF(Raw_Data[[#This Row],[persen_dp]]>25%,"High","Medium")) -> High | S81: 0.4 | T81: 60 | U81: 0.145 | V81: 316800 | W81: 19009000 | X81: =IF(OR(Raw_Data[[#This Row],[status_pembayaran]]="Macet",Raw_Data[[#This Row],[status_pembayaran]]="Kurang Lancar"),"Non Performing Loan","Performing") -> Performing | Y81: Lancar | Z81: 0 | AA81: 0 | AB81: 1 | AC81: approved | AD81: =IF(Raw_Data[[#This Row],[rasio]]<0.2,1,IF(Raw_Data[[#This Row],[rasio]]<0.3,2,IF(Raw_Data[[#This Row],[rasio]]<0.4,3,4))) -> 1 | AE81: =IF(Raw_Data[[#This Row],[kategori_dp]]="High",1,IF(Raw_Data[[#This Row],[kategori_dp]]="Medium",2,3)) -> 1 | AF81: =IF(Raw_Data[[#This Row],[tenor_bulan]]<=24,1,IF(Raw_Data[[#This Row],[tenor_bulan]]<=36,2,IF(Raw_Data[[#This Row],[tenor_bulan]]<=48,3,4))) -> 4 | AG81: =IF(Raw_Data[[#This Row],[jumlah_kali_telat]]=0,0,IF(Raw_Data[[#This Row],[jumlah_kali_telat]]<=2,2,4)) -> 0 | AH81: =Raw_Data[[#This Row],[Skor_Rasio]]+Raw_Data[[#This Row],[Skor_DP]]+Raw_Data[[#This Row],[Skor_Tenor]]+Raw_Data[[#This Row],[Skor_Telat]] -> 6 | AI81: =IF(Raw_Data[[#This Row],[Risk_Score]]<=6,"Low Risk",IF(Raw_Data[[#This Row],[Risk_Score]]<=8,"Medium Risk","High Risk")) -> Low Risk | AJ81: =IFERROR(DATEDIF(Raw_Data[[#This Row],[tanggal_pengajuan]],TODAY(),"m"),"N/A") -> 6 | AK81: =IF(ISNUMBER(Raw_Data[[#This Row],[MOB]]),IF(Raw_Data[[#This Row],[MOB]]<6,"0-5 bulan",IF(Raw_Data[[#This Row],[MOB]]<12,"6-11 bulan",IF(Raw_Data[[#This Row],[MOB]]<24,"12-23 bulan","24+ bulan"))),"N/A") -> 6-11 bulan
A82: KRM00082 | B82: 46097 | C82: =TEXT(B82,"mmmm") -> March | D82: Dian Wibowo | E82: 58531207839373 | F82: 48 | G82: Perempuan | H82: Petani | I82: 4136000 | J82: =Raw_Data[[#This Row],[cicilan_per_bulan]]/Raw_Data[[#This Row],[penghasilan_bulanan]] -> 0.11368472 | K82: Bandung | L82: Jawa Barat | M82: Yamaha | N82: Lexi LX 155 | O82: Matic Mid | P82: 27256000 | Q82: 10902000 | R82: =IF(Raw_Data[[#This Row],[persen_dp]]<15%,"Low",IF(Raw_Data[[#This Row],[persen_dp]]>25%,"High","Medium")) -> High | S82: 0.4 | T82: 60 | U82: 0.145 | V82: 470200 | W82: 28211000 | X82: =IF(OR(Raw_Data[[#This Row],[status_pembayaran]]="Macet",Raw_Data[[#This Row],[status_pembayaran]]="Kurang Lancar"),"Non Performing Loan","Performing") -> Performing | Y82: Lancar | Z82: 0 | AA82: 0 | AB82: 1 | AD82: =IF(Raw_Data[[#This Row],[rasio]]<0.2,1,IF(Raw_Data[[#This Row],[rasio]]<0.3,2,IF(Raw_Data[[#This Row],[rasio]]<0.4,3,4))) -> 1 | AE82: =IF(Raw_Data[[#This Row],[kategori_dp]]="High",1,IF(Raw_Data[[#This Row],[kategori_dp]]="Medium",2,3)) -> 1 | AF82: =IF(Raw_Data[[#This Row],[tenor_bulan]]<=24,1,IF(Raw_Data[[#This Row],[tenor_bulan]]<=36,2,IF(Raw_Data[[#This Row],[tenor_bulan]]<=48,3,4))) -> 4 | AG82: =IF(Raw_Data[[#This Row],[jumlah_kali_telat]]=0,0,IF(Raw_Data[[#This Row],[jumlah_kali_telat]]<=2,2,4)) -> 0 | AH82: =Raw_Data[[#This Row],[Skor_Rasio]]+Raw_Data[[#This Row],[Skor_DP]]+Raw_Data[[#This Row],[Skor_Tenor]]+Raw_Data[[#This Row],[Skor_Telat]] -> 6 | AI82: =IF(Raw_Data[[#This Row],[Risk_Score]]<=6,"Low Risk",IF(Raw_Data[[#This Row],[Risk_Score]]<=8,"Medium Risk","High Risk")) -> Low Risk | AJ82: =IFERROR(DATEDIF(Raw_Data[[#This Row],[tanggal_pengajuan]],TODAY(),"m"),"N/A") -> 7 | AK82: =IF(ISNUMBER(Raw_Data[[#This Row],[MOB]]),IF(Raw_Data[[#This Row],[MOB]]<6,"0-5 bulan",IF(Raw_Data[[#This Row],[MOB]]<12,"6-11 bulan",IF(Raw_Data[[#This Row],[MOB]]<24,"12-23 bulan","24+ bulan"))),"N/A") -> 6-11 bulan
A83: KRM00083 | B83: 46083 | C83: =TEXT(B83,"mmmm") -> March | D83: Ayu Setiawan | E83: 49501810935426 | F83: 21 | G83: Lakilaki | H83: Buruh/Operator | I83: 2679000 | J83: =Raw_Data[[#This Row],[cicilan_per_bulan]]/Raw_Data[[#This Row],[penghasilan_bulanan]] -> 0.63434117 | K83: Bandung | L83: Jawa Barat | M83: Honda | N83: Vario 125 | O83: Matic Mid | P83: 25443000 | Q83: 7633000 | R83: =IF(Raw_Data[[#This Row],[persen_dp]]<15%,"Low",IF(Raw_Data[[#This Row],[persen_dp]]>25%,"High","Medium")) -> High | S83: 0.3 | T83: 12 | U83: 0.145 | V83: 1699400 | W83: 20392000 | X83: =IF(OR(Raw_Data[[#This Row],[status_pembayaran]]="Macet",Raw_Data[[#This Row],[status_pembayaran]]="Kurang Lancar"),"Non Performing Loan","Performing") -> Performing | Y83: Lancar | Z83: 0 | AA83: 0 | AB83: 1 | AC83: data kurang | AD83: =IF(Raw_Data[[#This Row],[rasio]]<0.2,1,IF(Raw_Data[[#This Row],[rasio]]<0.3,2,IF(Raw_Data[[#This Row],[rasio]]<0.4,3,4))) -> 4 | AE83: =IF(Raw_Data[[#This Row],[kategori_dp]]="High",1,IF(Raw_Data[[#This Row],[kategori_dp]]="Medium",2,3)) -> 1 | AF83: =IF(Raw_Data[[#This Row],[tenor_bulan]]<=24,1,IF(Raw_Data[[#This Row],[tenor_bulan]]<=36,2,IF(Raw_Data[[#This Row],[tenor_bulan]]<=48,3,4))) -> 1 | AG83: =IF(Raw_Data[[#This Row],[jumlah_kali_telat]]=0,0,IF(Raw_Data[[#This Row],[jumlah_kali_telat]]<=2,2,4)) -> 0 | AH83: =Raw_Data[[#This Row],[Skor_Rasio]]+Raw_Data[[#This Row],[Skor_DP]]+Raw_Data[[#This Row],[Skor_Tenor]]+Raw_Data[[#This Row],[Skor_Telat]] -> 6 | AI83: =IF(Raw_Data[[#This Row],[Risk_Score]]<=6,"Low Risk",IF(Raw_Data[[#This Row],[Risk_Score]]<=8,"Medium Risk","High Risk")) -> Low Risk | AJ83: =IFERROR(DATEDIF(Raw_Data[[#This Row],[tanggal_pengajuan]],TODAY(),"m"),"N/A") -> 7 | AK83: =IF(ISNUMBER(Raw_Data[[#This Row],[MOB]]),IF(Raw_Data[[#This Row],[MOB]]<6,"0-5 bulan",IF(Raw_Data[[#This Row],[MOB]]<12,"6-11 bulan",IF(Raw_Data[[#This Row],[MOB]]<24,"12-23 bulan","24+ bulan"))),"N/A") -> 6-11 bulan
A84: KRM00084 | B84: 46163 | C84: =TEXT(B84,"mmmm") -> May | D84: Rina Santoso | E84: 45692202897066 | F84: 46 | G84: Lakilaki | H84: Freelancer | I84: 6753000 | J84: =Raw_Data[[#This Row],[cicilan_per_bulan]]/Raw_Data[[#This Row],[penghasilan_bulanan]] -> 0.14446912 | K84: Denpasar | L84: Bali | M84: Yamaha | N84: MT15 | O84: Sport Naked | P84: 37706000 | Q84: 3771000 | R84: =IF(Raw_Data[[#This Row],[persen_dp]]<15%,"Low",IF(Raw_Data[[#This Row],[persen_dp]]>25%,"High","Medium")) -> Low | S84: 0.1 | T84: 60 | U84: 0.145 | V84: 975600 | W84: 58539000 | X84: =IF(OR(Raw_Data[[#This Row],[status_pembayaran]]="Macet",Raw_Data[[#This Row],[status_pembayaran]]="Kurang Lancar"),"Non Performing Loan","Performing") -> Performing | Y84: Lancar | Z84: 0 | AA84: 0 | AB84: 1 | AD84: =IF(Raw_Data[[#This Row],[rasio]]<0.2,1,IF(Raw_Data[[#This Row],[rasio]]<0.3,2,IF(Raw_Data[[#This Row],[rasio]]<0.4,3,4))) -> 1 | AE84: =IF(Raw_Data[[#This Row],[kategori_dp]]="High",1,IF(Raw_Data[[#This Row],[kategori_dp]]="Medium",2,3)) -> 3 | AF84: =IF(Raw_Data[[#This Row],[tenor_bulan]]<=24,1,IF(Raw_Data[[#This Row],[tenor_bulan]]<=36,2,IF(Raw_Data[[#This Row],[tenor_bulan]]<=48,3,4))) -> 4 | AG84: =IF(Raw_Data[[#This Row],[jumlah_kali_telat]]=0,0,IF(Raw_Data[[#This Row],[jumlah_kali_telat]]<=2,2,4)) -> 0 | AH84: =Raw_Data[[#This Row],[Skor_Rasio]]+Raw_Data[[#This Row],[Skor_DP]]+Raw_Data[[#This Row],[Skor_Tenor]]+Raw_Data[[#This Row],[Skor_Telat]] -> 8 | AI84: =IF(Raw_Data[[#This Row],[Risk_Score]]<=6,"Low Risk",IF(Raw_Data[[#This Row],[Risk_Score]]<=8,"Medium Risk","High Risk")) -> Medium Risk | AJ84: =IFERROR(DATEDIF(Raw_Data[[#This Row],[tanggal_pengajuan]],TODAY(),"m"),"N/A") -> 5 | AK84: =IF(ISNUMBER(Raw_Data[[#This Row],[MOB]]),IF(Raw_Data[[#This Row],[MOB]]<6,"0-5 bulan",IF(Raw_Data[[#This Row],[MOB]]<12,"6-11 bulan",IF(Raw_Data[[#This Row],[MOB]]<24,"12-23 bulan","24+ bulan"))),"N/A") -> 0-5 bulan
A85: KRM00086 | B85: 46138 | C85: =TEXT(B85,"mmmm") -> April | D85: Tidak Diketahui | E85: Invalid | F85: 47 | G85: Lakilaki | H85: Karyawan Swasta | I85: 6111000 | J85: =Raw_Data[[#This Row],[cicilan_per_bulan]]/Raw_Data[[#This Row],[penghasilan_bulanan]] -> 0.45406644 | K85: Tangerang | L85: Banten | M85: Kawasaki | N85: KLX 150 | O85: Trail | P85: 36351327 | Q85: 7270000 | R85: =IF(Raw_Data[[#This Row],[persen_dp]]<15%,"Low",IF(Raw_Data[[#This Row],[persen_dp]]>25%,"High","Medium")) -> Medium | S85: 0.2 | T85: 12 | U85: 0.145 | V85: 2774800 | W85: 33298000 | X85: =IF(OR(Raw_Data[[#This Row],[status_pembayaran]]="Macet",Raw_Data[[#This Row],[status_pembayaran]]="Kurang Lancar"),"Non Performing Loan","Performing") -> Performing | Y85: Lunas | Z85: 0 | AA85: 0 | AB85: 0 | AD85: =IF(Raw_Data[[#This Row],[rasio]]<0.2,1,IF(Raw_Data[[#This Row],[rasio]]<0.3,2,IF(Raw_Data[[#This Row],[rasio]]<0.4,3,4))) -> 4 | AE85: =IF(Raw_Data[[#This Row],[kategori_dp]]="High",1,IF(Raw_Data[[#This Row],[kategori_dp]]="Medium",2,3)) -> 2 | AF85: =IF(Raw_Data[[#This Row],[tenor_bulan]]<=24,1,IF(Raw_Data[[#This Row],[tenor_bulan]]<=36,2,IF(Raw_Data[[#This Row],[tenor_bulan]]<=48,3,4))) -> 1 | AG85: =IF(Raw_Data[[#This Row],[jumlah_kali_telat]]=0,0,IF(Raw_Data[[#This Row],[jumlah_kali_telat]]<=2,2,4)) -> 0 | AH85: =Raw_Data[[#This Row],[Skor_Rasio]]+Raw_Data[[#This Row],[Skor_DP]]+Raw_Data[[#This Row],[Skor_Tenor]]+Raw_Data[[#This Row],[Skor_Telat]] -> 7 | AI85: =IF(Raw_Data[[#This Row],[Risk_Score]]<=6,"Low Risk",IF(Raw_Data[[#This Row],[Risk_Score]]<=8,"Medium Risk","High Risk")) -> Medium Risk | AJ85: =IFERROR(DATEDIF(Raw_Data[[#This Row],[tanggal_pengajuan]],TODAY(),"m"),"N/A") -> 5 | AK85: =IF(ISNUMBER(Raw_Data[[#This Row],[MOB]]),IF(Raw_Data[[#This Row],[MOB]]<6,"0-5 bulan",IF(Raw_Data[[#This Row],[MOB]]<12,"6-11 bulan",IF(Raw_Data[[#This Row],[MOB]]<24,"12-23 bulan","24+ bulan"))),"N/A") -> 0-5 bulan
A86: KRM00087 | B86: 46235 | C86: =TEXT(B86,"mmmm") -> August | D86: Siti Rahayu | E86: 56011011631056 | F86: 21 | G86: Lakilaki | H86: Karyawan Swasta | I86: 4793000 | J86: =Raw_Data[[#This Row],[cicilan_per_bulan]]/Raw_Data[[#This Row],[penghasilan_bulanan]] -> 0.30350511 | K86: Semarang | L86: Jawa Tengah | M86: Yamaha | N86: Mio M3 | O86: Matic Entry | P86: 17937000 | Q86: 2691000 | R86: =IF(Raw_Data[[#This Row],[persen_dp]]<15%,"Low",IF(Raw_Data[[#This Row],[persen_dp]]>25%,"High","Medium")) -> Medium | S86: 0.15 | T86: 12 | U86: 0.145 | V86: 1454700 | W86: 17456000 | X86: =IF(OR(Raw_Data[[#This Row],[status_pembayaran]]="Macet",Raw_Data[[#This Row],[status_pembayaran]]="Kurang Lancar"),"Non Performing Loan","Performing") -> Performing | Y86: Lancar | Z86: 0 | AA86: 0 | AB86: 1 | AC86: ok | AD86: =IF(Raw_Data[[#This Row],[rasio]]<0.2,1,IF(Raw_Data[[#This Row],[rasio]]<0.3,2,IF(Raw_Data[[#This Row],[rasio]]<0.4,3,4))) -> 3 | AE86: =IF(Raw_Data[[#This Row],[kategori_dp]]="High",1,IF(Raw_Data[[#This Row],[kategori_dp]]="Medium",2,3)) -> 2 | AF86: =IF(Raw_Data[[#This Row],[tenor_bulan]]<=24,1,IF(Raw_Data[[#This Row],[tenor_bulan]]<=36,2,IF(Raw_Data[[#This Row],[tenor_bulan]]<=48,3,4))) -> 1 | AG86: =IF(Raw_Data[[#This Row],[jumlah_kali_telat]]=0,0,IF(Raw_Data[[#This Row],[jumlah_kali_telat]]<=2,2,4)) -> 0 | AH86: =Raw_Data[[#This Row],[Skor_Rasio]]+Raw_Data[[#This Row],[Skor_DP]]+Raw_Data[[#This Row],[Skor_Tenor]]+Raw_Data[[#This Row],[Skor_Telat]] -> 6 | AI86: =IF(Raw_Data[[#This Row],[Risk_Score]]<=6,"Low Risk",IF(Raw_Data[[#This Row],[Risk_Score]]<=8,"Medium Risk","High Risk")) -> Low Risk | AJ86: =IFERROR(DATEDIF(Raw_Data[[#This Row],[tanggal_pengajuan]],TODAY(),"m"),"N/A") -> 2 | AK86: =IF(ISNUMBER(Raw_Data[[#This Row],[MOB]]),IF(Raw_Data[[#This Row],[MOB]]<6,"0-5 bulan",IF(Raw_Data[[#This Row],[MOB]]<12,"6-11 bulan",IF(Raw_Data[[#This Row],[MOB]]<24,"12-23 bulan","24+ bulan"))),"N/A") -> 0-5 bulan
A87: KRM00088 | B87: 46109 | C87: =TEXT(B87,"mmmm") -> March | D87: Ayu Sari | E87: 34671203768215 | F87: 23 | G87: Lakilaki | H87: Driver Online | I87: 4727000 | J87: =Raw_Data[[#This Row],[cicilan_per_bulan]]/Raw_Data[[#This Row],[penghasilan_bulanan]] -> 0.33236725 | K87: Jakarta Barat | L87: DKI Jakarta | M87: Honda | N87: ADV 160 | O87: Adventure | P87: 43793000 | Q87: 4379000 | R87: =IF(Raw_Data[[#This Row],[persen_dp]]<15%,"Low",IF(Raw_Data[[#This Row],[persen_dp]]>25%,"High","Medium")) -> Low | S87: 0.1 | T87: 36 | U87: 0.145 | V87: 1571100 | W87: 56559000 | X87: =IF(OR(Raw_Data[[#This Row],[status_pembayaran]]="Macet",Raw_Data[[#This Row],[status_pembayaran]]="Kurang Lancar"),"Non Performing Loan","Performing") -> Performing | Y87: Lancar | Z87: 0 | AA87: 0 | AB87: 1 | AD87: =IF(Raw_Data[[#This Row],[rasio]]<0.2,1,IF(Raw_Data[[#This Row],[rasio]]<0.3,2,IF(Raw_Data[[#This Row],[rasio]]<0.4,3,4))) -> 3 | AE87: =IF(Raw_Data[[#This Row],[kategori_dp]]="High",1,IF(Raw_Data[[#This Row],[kategori_dp]]="Medium",2,3)) -> 3 | AF87: =IF(Raw_Data[[#This Row],[tenor_bulan]]<=24,1,IF(Raw_Data[[#This Row],[tenor_bulan]]<=36,2,IF(Raw_Data[[#This Row],[tenor_bulan]]<=48,3,4))) -> 2 | AG87: =IF(Raw_Data[[#This Row],[jumlah_kali_telat]]=0,0,IF(Raw_Data[[#This Row],[jumlah_kali_telat]]<=2,2,4)) -> 0 | AH87: =Raw_Data[[#This Row],[Skor_Rasio]]+Raw_Data[[#This Row],[Skor_DP]]+Raw_Data[[#This Row],[Skor_Tenor]]+Raw_Data[[#This Row],[Skor_Telat]] -> 8 | AI87: =IF(Raw_Data[[#This Row],[Risk_Score]]<=6,"Low Risk",IF(Raw_Data[[#This Row],[Risk_Score]]<=8,"Medium Risk","High Risk")) -> Medium Risk | AJ87: =IFERROR(DATEDIF(Raw_Data[[#This Row],[tanggal_pengajuan]],TODAY(),"m"),"N/A") -> 6 | AK87: =IF(ISNUMBER(Raw_Data[[#This Row],[MOB]]),IF(Raw_Data[[#This Row],[MOB]]<6,"0-5 bulan",IF(Raw_Data[[#This Row],[MOB]]<12,"6-11 bulan",IF(Raw_Data[[#This Row],[MOB]]<24,"12-23 bulan","24+ bulan"))),"N/A") -> 6-11 bulan
A88: KRM00089 | B88: 46150 | C88: =TEXT(B88,"mmmm") -> May | D88: Wahyu Prasetyo | E88: 44881610822106 | F88: 33 | G88: Perempuan | H88: Petani | I88: 3186000 | J88: =Raw_Data[[#This Row],[cicilan_per_bulan]]/Raw_Data[[#This Row],[penghasilan_bulanan]] -> 0.38913999 | K88: Palembang | L88: Sumatera Selatan | M88: Kawasaki | N88: KLX 150 | O88: Trail | P88: 38442000 | Q88: 15377000 | R88: =IF(Raw_Data[[#This Row],[persen_dp]]<15%,"Low",IF(Raw_Data[[#This Row],[persen_dp]]>25%,"High","Medium")) -> High | S88: 0.4 | T88: 24 | U88: 0.145 | V88: 1239800 | W88: 29754000 | X88: =IF(OR(Raw_Data[[#This Row],[status_pembayaran]]="Macet",Raw_Data[[#This Row],[status_pembayaran]]="Kurang Lancar"),"Non Performing Loan","Performing") -> Performing | Y88: Lancar | Z88: 0 | AA88: 0 | AB88: 1 | AD88: =IF(Raw_Data[[#This Row],[rasio]]<0.2,1,IF(Raw_Data[[#This Row],[rasio]]<0.3,2,IF(Raw_Data[[#This Row],[rasio]]<0.4,3,4))) -> 3 | AE88: =IF(Raw_Data[[#This Row],[kategori_dp]]="High",1,IF(Raw_Data[[#This Row],[kategori_dp]]="Medium",2,3)) -> 1 | AF88: =IF(Raw_Data[[#This Row],[tenor_bulan]]<=24,1,IF(Raw_Data[[#This Row],[tenor_bulan]]<=36,2,IF(Raw_Data[[#This Row],[tenor_bulan]]<=48,3,4))) -> 1 | AG88: =IF(Raw_Data[[#This Row],[jumlah_kali_telat]]=0,0,IF(Raw_Data[[#This Row],[jumlah_kali_telat]]<=2,2,4)) -> 0 | AH88: =Raw_Data[[#This Row],[Skor_Rasio]]+Raw_Data[[#This Row],[Skor_DP]]+Raw_Data[[#This Row],[Skor_Tenor]]+Raw_Data[[#This Row],[Skor_Telat]] -> 5 | AI88: =IF(Raw_Data[[#This Row],[Risk_Score]]<=6,"Low Risk",IF(Raw_Data[[#This Row],[Risk_Score]]<=8,"Medium Risk","High Risk")) -> Low Risk | AJ88: =IFERROR(DATEDIF(Raw_Data[[#This Row],[tanggal_pengajuan]],TODAY(),"m"),"N/A") -> 5 | AK88: =IF(ISNUMBER(Raw_Data[[#This Row],[MOB]]),IF(Raw_Data[[#This Row],[MOB]]<6,"0-5 bulan",IF(Raw_Data[[#This Row],[MOB]]<12,"6-11 bulan",IF(Raw_Data[[#This Row],[MOB]]<24,"12-23 bulan","24+ bulan"))),"N/A") -> 0-5 bulan
A89: KRM00090 | B89: 46165 | C89: =TEXT(B89,"mmmm") -> May | D89: Ayu Prasetyo | E89: 80071305811379 | F89: 46 | G89: Perempuan | H89: Karyawan Swasta | I89: 6293000 | J89: =Raw_Data[[#This Row],[cicilan_per_bulan]]/Raw_Data[[#This Row],[penghasilan_bulanan]] -> 0.37543302 | K89: Jakarta Timur | L89: DKI Jakarta | M89: Honda | N89: Vario 160 | O89: Matic Mid | P89: 30951000 | Q89: 6190000 | R89: =IF(Raw_Data[[#This Row],[persen_dp]]<15%,"Low",IF(Raw_Data[[#This Row],[persen_dp]]>25%,"High","Medium")) -> Medium | S89: 0.2 | T89: 12 | U89: 0.145 | V89: 2362600 | W89: 28352000 | X89: =IF(OR(Raw_Data[[#This Row],[status_pembayaran]]="Macet",Raw_Data[[#This Row],[status_pembayaran]]="Kurang Lancar"),"Non Performing Loan","Performing") -> Performing | Y89: Lancar | Z89: 0 | AA89: 0 | AB89: 1 | AC89: survey ulang | AD89: =IF(Raw_Data[[#This Row],[rasio]]<0.2,1,IF(Raw_Data[[#This Row],[rasio]]<0.3,2,IF(Raw_Data[[#This Row],[rasio]]<0.4,3,4))) -> 3 | AE89: =IF(Raw_Data[[#This Row],[kategori_dp]]="High",1,IF(Raw_Data[[#This Row],[kategori_dp]]="Medium",2,3)) -> 2 | AF89: =IF(Raw_Data[[#This Row],[tenor_bulan]]<=24,1,IF(Raw_Data[[#This Row],[tenor_bulan]]<=36,2,IF(Raw_Data[[#This Row],[tenor_bulan]]<=48,3,4))) -> 1 | AG89: =IF(Raw_Data[[#This Row],[jumlah_kali_telat]]=0,0,IF(Raw_Data[[#This Row],[jumlah_kali_telat]]<=2,2,4)) -> 0 | AH89: =Raw_Data[[#This Row],[Skor_Rasio]]+Raw_Data[[#This Row],[Skor_DP]]+Raw_Data[[#This Row],[Skor_Tenor]]+Raw_Data[[#This Row],[Skor_Telat]] -> 6 | AI89: =IF(Raw_Data[[#This Row],[Risk_Score]]<=6,"Low Risk",IF(Raw_Data[[#This Row],[Risk_Score]]<=8,"Medium Risk","High Risk")) -> Low Risk | AJ89: =IFERROR(DATEDIF(Raw_Data[[#This Row],[tanggal_pengajuan]],TODAY(),"m"),"N/A") -> 5 | AK89: =IF(ISNUMBER(Raw_Data[[#This Row],[MOB]]),IF(Raw_Data[[#This Row],[MOB]]<6,"0-5 bulan",IF(Raw_Data[[#This Row],[MOB]]<12,"6-11 bulan",IF(Raw_Data[[#This Row],[MOB]]<24,"12-23 bulan","24+ bulan"))),"N/A") -> 0-5 bulan
A90: KRM00091 | B90: 46107 | C90: =TEXT(B90,"mmmm") -> March | D90: Agus Nugroho | E90: 43002010794210 | F90: 37 | G90: Lakilaki | H90: Guru/Dosen | I90: 3953000 | J90: =Raw_Data[[#This Row],[cicilan_per_bulan]]/Raw_Data[[#This Row],[penghasilan_bulanan]] -> 0.15464204 | K90: Malang | L90: Jawa Timur | M90: Honda | N90: Revo X | O90: Bebek | P90: 18042000 | Q90: 2706000 | R90: =IF(Raw_Data[[#This Row],[persen_dp]]<15%,"Low",IF(Raw_Data[[#This Row],[persen_dp]]>25%,"High","Medium")) -> Medium | S90: 0.15 | T90: 36 | U90: 0.145 | V90: 611300 | W90: 22007000 | X90: =IF(OR(Raw_Data[[#This Row],[status_pembayaran]]="Macet",Raw_Data[[#This Row],[status_pembayaran]]="Kurang Lancar"),"Non Performing Loan","Performing") -> Performing | Y90: Lancar | Z90: 0 | AA90: 0 | AB90: 1 | AD90: =IF(Raw_Data[[#This Row],[rasio]]<0.2,1,IF(Raw_Data[[#This Row],[rasio]]<0.3,2,IF(Raw_Data[[#This Row],[rasio]]<0.4,3,4))) -> 1 | AE90: =IF(Raw_Data[[#This Row],[kategori_dp]]="High",1,IF(Raw_Data[[#This Row],[kategori_dp]]="Medium",2,3)) -> 2 | AF90: =IF(Raw_Data[[#This Row],[tenor_bulan]]<=24,1,IF(Raw_Data[[#This Row],[tenor_bulan]]<=36,2,IF(Raw_Data[[#This Row],[tenor_bulan]]<=48,3,4))) -> 2 | AG90: =IF(Raw_Data[[#This Row],[jumlah_kali_telat]]=0,0,IF(Raw_Data[[#This Row],[jumlah_kali_telat]]<=2,2,4)) -> 0 | AH90: =Raw_Data[[#This Row],[Skor_Rasio]]+Raw_Data[[#This Row],[Skor_DP]]+Raw_Data[[#This Row],[Skor_Tenor]]+Raw_Data[[#This Row],[Skor_Telat]] -> 5 | AI90: =IF(Raw_Data[[#This Row],[Risk_Score]]<=6,"Low Risk",IF(Raw_Data[[#This Row],[Risk_Score]]<=8,"Medium Risk","High Risk")) -> Low Risk | AJ90: =IFERROR(DATEDIF(Raw_Data[[#This Row],[tanggal_pengajuan]],TODAY(),"m"),"N/A") -> 6 | AK90: =IF(ISNUMBER(Raw_Data[[#This Row],[MOB]]),IF(Raw_Data[[#This Row],[MOB]]<6,"0-5 bulan",IF(Raw_Data[[#This Row],[MOB]]<12,"6-11 bulan",IF(Raw_Data[[#This Row],[MOB]]<24,"12-23 bulan","24+ bulan"))),"N/A") -> 6-11 bulan
A91: KRM00092 | B91: 46127 | C91: =TEXT(B91,"mmmm") -> April | D91: Agus Fauzi | E91: 77901011893848 | F91: 21 | G91: Lakilaki | H91: Ibu Rumah Tangga | I91: 2252000 | J91: =Raw_Data[[#This Row],[cicilan_per_bulan]]/Raw_Data[[#This Row],[penghasilan_bulanan]] -> 0.31420959 | K91: Depok | L91: Jawa Barat | M91: Honda | N91: Revo X | O91: Bebek | P91: 17435000 | Q91: 6974000 | R91: =IF(Raw_Data[[#This Row],[persen_dp]]<15%,"Low",IF(Raw_Data[[#This Row],[persen_dp]]>25%,"High","Medium")) -> High | S91: 0.4 | T91: 18 | U91: 0.145 | V91: 707600 | W91: 12736000 | X91: =IF(OR(Raw_Data[[#This Row],[status_pembayaran]]="Macet",Raw_Data[[#This Row],[status_pembayaran]]="Kurang Lancar"),"Non Performing Loan","Performing") -> Performing | Y91: Lancar | Z91: 0 | AA91: 0 | AB91: 1 | AC91: data kurang | AD91: =IF(Raw_Data[[#This Row],[rasio]]<0.2,1,IF(Raw_Data[[#This Row],[rasio]]<0.3,2,IF(Raw_Data[[#This Row],[rasio]]<0.4,3,4))) -> 3 | AE91: =IF(Raw_Data[[#This Row],[kategori_dp]]="High",1,IF(Raw_Data[[#This Row],[kategori_dp]]="Medium",2,3)) -> 1 | AF91: =IF(Raw_Data[[#This Row],[tenor_bulan]]<=24,1,IF(Raw_Data[[#This Row],[tenor_bulan]]<=36,2,IF(Raw_Data[[#This Row],[tenor_bulan]]<=48,3,4))) -> 1 | AG91: =IF(Raw_Data[[#This Row],[jumlah_kali_telat]]=0,0,IF(Raw_Data[[#This Row],[jumlah_kali_telat]]<=2,2,4)) -> 0 | AH91: =Raw_Data[[#This Row],[Skor_Rasio]]+Raw_Data[[#This Row],[Skor_DP]]+Raw_Data[[#This Row],[Skor_Tenor]]+Raw_Data[[#This Row],[Skor_Telat]] -> 5 | AI91: =IF(Raw_Data[[#This Row],[Risk_Score]]<=6,"Low Risk",IF(Raw_Data[[#This Row],[Risk_Score]]<=8,"Medium Risk","High Risk")) -> Low Risk | AJ91: =IFERROR(DATEDIF(Raw_Data[[#This Row],[tanggal_pengajuan]],TODAY(),"m"),"N/A") -> 6 | AK91: =IF(ISNUMBER(Raw_Data[[#This Row],[MOB]]),IF(Raw_Data[[#This Row],[MOB]]<6,"0-5 bulan",IF(Raw_Data[[#This Row],[MOB]]<12,"6-11 bulan",IF(Raw_Data[[#This Row],[MOB]]<24,"12-23 bulan","24+ bulan"))),"N/A") -> 6-11 bulan
A92: KRM00093 | B92: 46064 | C92: =TEXT(B92,"mmmm") -> February | D92: Wahyu Santoso | E92: 95242911946977 | F92: 23 | G92: Lakilaki | H92: Buruh/Operator | I92: 3621000 | J92: =Raw_Data[[#This Row],[cicilan_per_bulan]]/Raw_Data[[#This Row],[penghasilan_bulanan]] -> 0.42176194 | K92: Jakarta Selatan | L92: DKI Jakarta | M92: Honda | N92: Vario 160 | O92: Matic Mid | P92: 30105000 | Q92: 7526000 | R92: =IF(Raw_Data[[#This Row],[persen_dp]]<15%,"Low",IF(Raw_Data[[#This Row],[persen_dp]]>25%,"High","Medium")) -> Medium | S92: 0.25 | T92: 18 | U92: 0.145 | V92: 1527200 | W92: 27490000 | X92: =IF(OR(Raw_Data[[#This Row],[status_pembayaran]]="Macet",Raw_Data[[#This Row],[status_pembayaran]]="Kurang Lancar"),"Non Performing Loan","Performing") -> Performing | Y92: Lancar | Z92: 0 | AA92: 0 | AB92: 1 | AD92: =IF(Raw_Data[[#This Row],[rasio]]<0.2,1,IF(Raw_Data[[#This Row],[rasio]]<0.3,2,IF(Raw_Data[[#This Row],[rasio]]<0.4,3,4))) -> 4 | AE92: =IF(Raw_Data[[#This Row],[kategori_dp]]="High",1,IF(Raw_Data[[#This Row],[kategori_dp]]="Medium",2,3)) -> 2 | AF92: =IF(Raw_Data[[#This Row],[tenor_bulan]]<=24,1,IF(Raw_Data[[#This Row],[tenor_bulan]]<=36,2,IF(Raw_Data[[#This Row],[tenor_bulan]]<=48,3,4))) -> 1 | AG92: =IF(Raw_Data[[#This Row],[jumlah_kali_telat]]=0,0,IF(Raw_Data[[#This Row],[jumlah_kali_telat]]<=2,2,4)) -> 0 | AH92: =Raw_Data[[#This Row],[Skor_Rasio]]+Raw_Data[[#This Row],[Skor_DP]]+Raw_Data[[#This Row],[Skor_Tenor]]+Raw_Data[[#This Row],[Skor_Telat]] -> 7 | AI92: =IF(Raw_Data[[#This Row],[Risk_Score]]<=6,"Low Risk",IF(Raw_Data[[#This Row],[Risk_Score]]<=8,"Medium Risk","High Risk")) -> Medium Risk | AJ92: =IFERROR(DATEDIF(Raw_Data[[#This Row],[tanggal_pengajuan]],TODAY(),"m"),"N/A") -> 8 | AK92: =IF(ISNUMBER(Raw_Data[[#This Row],[MOB]]),IF(Raw_Data[[#This Row],[MOB]]<6,"0-5 bulan",IF(Raw_Data[[#This Row],[MOB]]<12,"6-11 bulan",IF(Raw_Data[[#This Row],[MOB]]<24,"12-23 bulan","24+ bulan"))),"N/A") -> 6-11 bulan
A93: KRM00094 | B93: 46099 | C93: =TEXT(B93,"mmmm") -> March | D93: Putri Susanti | E93: 35461304643346 | F93: 42 | G93: Perempuan | H93: Karyawan Swasta | I93: 6847000 | J93: =Raw_Data[[#This Row],[cicilan_per_bulan]]/Raw_Data[[#This Row],[penghasilan_bulanan]] -> 0.090667446 | K93: Pekanbaru | L93: Riau | M93: Suzuki | N93: Nex II | O93: Matic Entry | P93: 17306000 | Q93: 1731000 | R93: =IF(Raw_Data[[#This Row],[persen_dp]]<15%,"Low",IF(Raw_Data[[#This Row],[persen_dp]]>25%,"High","Medium")) -> Low | S93: 0.1 | T93: 36 | U93: 0.145 | V93: 620800 | W93: 22350000 | X93: =IF(OR(Raw_Data[[#This Row],[status_pembayaran]]="Macet",Raw_Data[[#This Row],[status_pembayaran]]="Kurang Lancar"),"Non Performing Loan","Performing") -> Performing | Y93: Lancar | Z93: 0 | AA93: 0 | AB93: 1 | AC93: survey ulang | AD93: =IF(Raw_Data[[#This Row],[rasio]]<0.2,1,IF(Raw_Data[[#This Row],[rasio]]<0.3,2,IF(Raw_Data[[#This Row],[rasio]]<0.4,3,4))) -> 1 | AE93: =IF(Raw_Data[[#This Row],[kategori_dp]]="High",1,IF(Raw_Data[[#This Row],[kategori_dp]]="Medium",2,3)) -> 3 | AF93: =IF(Raw_Data[[#This Row],[tenor_bulan]]<=24,1,IF(Raw_Data[[#This Row],[tenor_bulan]]<=36,2,IF(Raw_Data[[#This Row],[tenor_bulan]]<=48,3,4))) -> 2 | AG93: =IF(Raw_Data[[#This Row],[jumlah_kali_telat]]=0,0,IF(Raw_Data[[#This Row],[jumlah_kali_telat]]<=2,2,4)) -> 0 | AH93: =Raw_Data[[#This Row],[Skor_Rasio]]+Raw_Data[[#This Row],[Skor_DP]]+Raw_Data[[#This Row],[Skor_Tenor]]+Raw_Data[[#This Row],[Skor_Telat]] -> 6 | AI93: =IF(Raw_Data[[#This Row],[Risk_Score]]<=6,"Low Risk",IF(Raw_Data[[#This Row],[Risk_Score]]<=8,"Medium Risk","High Risk")) -> Low Risk | AJ93: =IFERROR(DATEDIF(Raw_Data[[#This Row],[tanggal_pengajuan]],TODAY(),"m"),"N/A") -> 7 | AK93: =IF(ISNUMBER(Raw_Data[[#This Row],[MOB]]),IF(Raw_Data[[#This Row],[MOB]]<6,"0-5 bulan",IF(Raw_Data[[#This Row],[MOB]]<12,"6-11 bulan",IF(Raw_Data[[#This Row],[MOB]]<24,"12-23 bulan","24+ bulan"))),"N/A") -> 6-11 bulan
A94: KRM00095 | B94: 46058 | C94: =TEXT(B94,"mmmm") -> February | D94: Siti Hartono | E94: 72891402947599 | F94: 27 | G94: Lakilaki | H94: Guru/Dosen | I94: 6466000 | J94: =Raw_Data[[#This Row],[cicilan_per_bulan]]/Raw_Data[[#This Row],[penghasilan_bulanan]] -> 0.26625425 | K94: Tangerang | L94: Banten | M94: Yamaha | N94: XMAX 250 | O94: Maxi Scooter | P94: 61701000 | Q94: 18510000 | R94: =IF(Raw_Data[[#This Row],[persen_dp]]<15%,"Low",IF(Raw_Data[[#This Row],[persen_dp]]>25%,"High","Medium")) -> High | S94: 0.3 | T94: 36 | U94: 0.145 | V94: 1721600 | W94: 61979000 | X94: =IF(OR(Raw_Data[[#This Row],[status_pembayaran]]="Macet",Raw_Data[[#This Row],[status_pembayaran]]="Kurang Lancar"),"Non Performing Loan","Performing") -> Performing | Y94: Lancar | Z94: 0 | AA94: 0 | AB94: 1 | AC94: verifikasi | AD94: =IF(Raw_Data[[#This Row],[rasio]]<0.2,1,IF(Raw_Data[[#This Row],[rasio]]<0.3,2,IF(Raw_Data[[#This Row],[rasio]]<0.4,3,4))) -> 2 | AE94: =IF(Raw_Data[[#This Row],[kategori_dp]]="High",1,IF(Raw_Data[[#This Row],[kategori_dp]]="Medium",2,3)) -> 1 | AF94: =IF(Raw_Data[[#This Row],[tenor_bulan]]<=24,1,IF(Raw_Data[[#This Row],[tenor_bulan]]<=36,2,IF(Raw_Data[[#This Row],[tenor_bulan]]<=48,3,4))) -> 2 | AG94: =IF(Raw_Data[[#This Row],[jumlah_kali_telat]]=0,0,IF(Raw_Data[[#This Row],[jumlah_kali_telat]]<=2,2,4)) -> 0 | AH94: =Raw_Data[[#This Row],[Skor_Rasio]]+Raw_Data[[#This Row],[Skor_DP]]+Raw_Data[[#This Row],[Skor_Tenor]]+Raw_Data[[#This Row],[Skor_Telat]] -> 5 | AI94: =IF(Raw_Data[[#This Row],[Risk_Score]]<=6,"Low Risk",IF(Raw_Data[[#This Row],[Risk_Score]]<=8,"Medium Risk","High Risk")) -> Low Risk | AJ94: =IFERROR(DATEDIF(Raw_Data[[#This Row],[tanggal_pengajuan]],TODAY(),"m"),"N/A") -> 8 | AK94: =IF(ISNUMBER(Raw_Data[[#This Row],[MOB]]),IF(Raw_Data[[#This Row],[MOB]]<6,"0-5 bulan",IF(Raw_Data[[#This Row],[MOB]]<12,"6-11 bulan",IF(Raw_Data[[#This Row],[MOB]]<24,"12-23 bulan","24+ bulan"))),"N/A") -> 6-11 bulan
A95: KRM00096 | B95: 46065 | C95: =TEXT(B95,"mmmm") -> February | D95: Tri Kurniawan | E95: 78512210714352 | F95: 37 | G95: Lakilaki | H95: Ibu Rumah Tangga | I95: 1622000 | J95: =Raw_Data[[#This Row],[cicilan_per_bulan]]/Raw_Data[[#This Row],[penghasilan_bulanan]] -> 2.3278668 | K95: Yogyakarta | L95: DIY | M95: Yamaha | N95: R15 | O95: Sport | P95: 43969000 | Q95: 4397000 | R95: =IF(Raw_Data[[#This Row],[persen_dp]]<15%,"Low",IF(Raw_Data[[#This Row],[persen_dp]]>25%,"High","Medium")) -> Low | S95: 0.1 | T95: 12 | U95: 0.145 | V95: 3775800 | W95: 45310000 | X95: =IF(OR(Raw_Data[[#This Row],[status_pembayaran]]="Macet",Raw_Data[[#This Row],[status_pembayaran]]="Kurang Lancar"),"Non Performing Loan","Performing") -> Performing | Y95: Lancar | Z95: 0 | AA95: 0 | AB95: 1 | AC95: approved | AD95: =IF(Raw_Data[[#This Row],[rasio]]<0.2,1,IF(Raw_Data[[#This Row],[rasio]]<0.3,2,IF(Raw_Data[[#This Row],[rasio]]<0.4,3,4))) -> 4 | AE95: =IF(Raw_Data[[#This Row],[kategori_dp]]="High",1,IF(Raw_Data[[#This Row],[kategori_dp]]="Medium",2,3)) -> 3 | AF95: =IF(Raw_Data[[#This Row],[tenor_bulan]]<=24,1,IF(Raw_Data[[#This Row],[tenor_bulan]]<=36,2,IF(Raw_Data[[#This Row],[tenor_bulan]]<=48,3,4))) -> 1 | AG95: =IF(Raw_Data[[#This Row],[jumlah_kali_telat]]=0,0,IF(Raw_Data[[#This Row],[jumlah_kali_telat]]<=2,2,4)) -> 0 | AH95: =Raw_Data[[#This Row],[Skor_Rasio]]+Raw_Data[[#This Row],[Skor_DP]]+Raw_Data[[#This Row],[Skor_Tenor]]+Raw_Data[[#This Row],[Skor_Telat]] -> 8 | AI95: =IF(Raw_Data[[#This Row],[Risk_Score]]<=6,"Low Risk",IF(Raw_Data[[#This Row],[Risk_Score]]<=8,"Medium Risk","High Risk")) -> Medium Risk | AJ95: =IFERROR(DATEDIF(Raw_Data[[#This Row],[tanggal_pengajuan]],TODAY(),"m"),"N/A") -> 8 | AK95: =IF(ISNUMBER(Raw_Data[[#This Row],[MOB]]),IF(Raw_Data[[#This Row],[MOB]]<6,"0-5 bulan",IF(Raw_Data[[#This Row],[MOB]]<12,"6-11 bulan",IF(Raw_Data[[#This Row],[MOB]]<24,"12-23 bulan","24+ bulan"))),"N/A") -> 6-11 bulan
A96: KRM00097 | B96: 46074 | C96: =TEXT(B96,"mmmm") -> February | D96: Dewi Rahayu | E96: 90841107628938 | F96: 25 | G96: Lakilaki | H96: Freelancer | I96: 7299000 | J96: =Raw_Data[[#This Row],[cicilan_per_bulan]]/Raw_Data[[#This Row],[penghasilan_bulanan]] -> 0.21737224 | K96: Malang | L96: Jawa Timur | M96: Yamaha | N96: Mio M3 | O96: Matic Entry | P96: 18475000 | Q96: 1847000 | R96: =IF(Raw_Data[[#This Row],[persen_dp]]<15%,"Low",IF(Raw_Data[[#This Row],[persen_dp]]>25%,"High","Medium")) -> Low | S96: 0.1 | T96: 12 | U96: 0.145 | V96: 1586600 | W96: 19039000 | X96: =IF(OR(Raw_Data[[#This Row],[status_pembayaran]]="Macet",Raw_Data[[#This Row],[status_pembayaran]]="Kurang Lancar"),"Non Performing Loan","Performing") -> Performing | Y96: Lancar | Z96: 0 | AA96: 0 | AB96: 1 | AD96: =IF(Raw_Data[[#This Row],[rasio]]<0.2,1,IF(Raw_Data[[#This Row],[rasio]]<0.3,2,IF(Raw_Data[[#This Row],[rasio]]<0.4,3,4))) -> 2 | AE96: =IF(Raw_Data[[#This Row],[kategori_dp]]="High",1,IF(Raw_Data[[#This Row],[kategori_dp]]="Medium",2,3)) -> 3 | AF96: =IF(Raw_Data[[#This Row],[tenor_bulan]]<=24,1,IF(Raw_Data[[#This Row],[tenor_bulan]]<=36,2,IF(Raw_Data[[#This Row],[tenor_bulan]]<=48,3,4))) -> 1 | AG96: =IF(Raw_Data[[#This Row],[jumlah_kali_telat]]=0,0,IF(Raw_Data[[#This Row],[jumlah_kali_telat]]<=2,2,4)) -> 0 | AH96: =Raw_Data[[#This Row],[Skor_Rasio]]+Raw_Data[[#This Row],[Skor_DP]]+Raw_Data[[#This Row],[Skor_Tenor]]+Raw_Data[[#This Row],[Skor_Telat]] -> 6 | AI96: =IF(Raw_Data[[#This Row],[Risk_Score]]<=6,"Low Risk",IF(Raw_Data[[#This Row],[Risk_Score]]<=8,"Medium Risk","High Risk")) -> Low Risk | AJ96: =IFERROR(DATEDIF(Raw_Data[[#This Row],[tanggal_pengajuan]],TODAY(),"m"),"N/A") -> 8 | AK96: =IF(ISNUMBER(Raw_Data[[#This Row],[MOB]]),IF(Raw_Data[[#This Row],[MOB]]<6,"0-5 bulan",IF(Raw_Data[[#This Row],[MOB]]<12,"6-11 bulan",IF(Raw_Data[[#This Row],[MOB]]<24,"12-23 bulan","24+ bulan"))),"N/A") -> 6-11 bulan
A97: KRM00098 | B97: 46041 | C97: =TEXT(B97,"mmmm") -> January | D97: Siti Prasetyo | E97: 76562309512726 | F97: 41 | G97: Lakilaki | H97: Guru/Dosen | I97: 4411000 | J97: =Raw_Data[[#This Row],[cicilan_per_bulan]]/Raw_Data[[#This Row],[penghasilan_bulanan]] -> 0.19353888 | K97: Bandung | L97: Jawa Barat | M97: Honda | N97: PCX 160 | O97: Matic Premium | P97: 37116000 | Q97: 7423000 | R97: =IF(Raw_Data[[#This Row],[persen_dp]]<15%,"Low",IF(Raw_Data[[#This Row],[persen_dp]]>25%,"High","Medium")) -> Medium | S97: 0.2 | T97: 60 | U97: 0.145 | V97: 853700 | W97: 51220000 | X97: =IF(OR(Raw_Data[[#This Row],[status_pembayaran]]="Macet",Raw_Data[[#This Row],[status_pembayaran]]="Kurang Lancar"),"Non Performing Loan","Performing") -> Performing | Y97: Lancar | Z97: 0 | AA97: 0 | AB97: 1 | AD97: =IF(Raw_Data[[#This Row],[rasio]]<0.2,1,IF(Raw_Data[[#This Row],[rasio]]<0.3,2,IF(Raw_Data[[#This Row],[rasio]]<0.4,3,4))) -> 1 | AE97: =IF(Raw_Data[[#This Row],[kategori_dp]]="High",1,IF(Raw_Data[[#This Row],[kategori_dp]]="Medium",2,3)) -> 2 | AF97: =IF(Raw_Data[[#This Row],[tenor_bulan]]<=24,1,IF(Raw_Data[[#This Row],[tenor_bulan]]<=36,2,IF(Raw_Data[[#This Row],[tenor_bulan]]<=48,3,4))) -> 4 | AG97: =IF(Raw_Data[[#This Row],[jumlah_kali_telat]]=0,0,IF(Raw_Data[[#This Row],[jumlah_kali_telat]]<=2,2,4)) -> 0 | AH97: =Raw_Data[[#This Row],[Skor_Rasio]]+Raw_Data[[#This Row],[Skor_DP]]+Raw_Data[[#This Row],[Skor_Tenor]]+Raw_Data[[#This Row],[Skor_Telat]] -> 7 | AI97: =IF(Raw_Data[[#This Row],[Risk_Score]]<=6,"Low Risk",IF(Raw_Data[[#This Row],[Risk_Score]]<=8,"Medium Risk","High Risk")) -> Medium Risk | AJ97: =IFERROR(DATEDIF(Raw_Data[[#This Row],[tanggal_pengajuan]],TODAY(),"m"),"N/A") -> 9 | AK97: =IF(ISNUMBER(Raw_Data[[#This Row],[MOB]]),IF(Raw_Data[[#This Row],[MOB]]<6,"0-5 bulan",IF(Raw_Data[[#This Row],[MOB]]<12,"6-11 bulan",IF(Raw_Data[[#This Row],[MOB]]<24,"12-23 bulan","24+ bulan"))),"N/A") -> 6-11 bulan
A98: KRM00099 | B98: 46068 | C98: =TEXT(B98,"mmmm") -> February | D98: Hendra Fauzi | E98: 31152112572378 | F98: 38 | G98: Lakilaki | H98: Petani | I98: 4296000 | J98: =Raw_Data[[#This Row],[cicilan_per_bulan]]/Raw_Data[[#This Row],[penghasilan_bulanan]] -> 0.65418994 | K98: Tangerang | L98: Banten | M98: Yamaha | N98: NMAX 155 | O98: Matic Premium | P98: 34652000 | Q98: 5198000 | R98: =IF(Raw_Data[[#This Row],[persen_dp]]<15%,"Low",IF(Raw_Data[[#This Row],[persen_dp]]>25%,"High","Medium")) -> Medium | S98: 0.15 | T98: 12 | U98: 0.145 | V98: 2810400 | W98: 33724000 | X98: =IF(OR(Raw_Data[[#This Row],[status_pembayaran]]="Macet",Raw_Data[[#This Row],[status_pembayaran]]="Kurang Lancar"),"Non Performing Loan","Performing") -> Performing | Y98: Lancar | Z98: 0 | AA98: 0 | AB98: 1 | AC98: data kurang | AD98: =IF(Raw_Data[[#This Row],[rasio]]<0.2,1,IF(Raw_Data[[#This Row],[rasio]]<0.3,2,IF(Raw_Data[[#This Row],[rasio]]<0.4,3,4))) -> 4 | AE98: =IF(Raw_Data[[#This Row],[kategori_dp]]="High",1,IF(Raw_Data[[#This Row],[kategori_dp]]="Medium",2,3)) -> 2 | AF98: =IF(Raw_Data[[#This Row],[tenor_bulan]]<=24,1,IF(Raw_Data[[#This Row],[tenor_bulan]]<=36,2,IF(Raw_Data[[#This Row],[tenor_bulan]]<=48,3,4))) -> 1 | AG98: =IF(Raw_Data[[#This Row],[jumlah_kali_telat]]=0,0,IF(Raw_Data[[#This Row],[jumlah_kali_telat]]<=2,2,4)) -> 0 | AH98: =Raw_Data[[#This Row],[Skor_Rasio]]+Raw_Data[[#This Row],[Skor_DP]]+Raw_Data[[#This Row],[Skor_Tenor]]+Raw_Data[[#This Row],[Skor_Telat]] -> 7 | AI98: =IF(Raw_Data[[#This Row],[Risk_Score]]<=6,"Low Risk",IF(Raw_Data[[#This Row],[Risk_Score]]<=8,"Medium Risk","High Risk")) -> Medium Risk | AJ98: =IFERROR(DATEDIF(Raw_Data[[#This Row],[tanggal_pengajuan]],TODAY(),"m"),"N/A") -> 8 | AK98: =IF(ISNUMBER(Raw_Data[[#This Row],[MOB]]),IF(Raw_Data[[#This Row],[MOB]]<6,"0-5 bulan",IF(Raw_Data[[#This Row],[MOB]]<12,"6-11 bulan",IF(Raw_Data[[#This Row],[MOB]]<24,"12-23 bulan","24+ bulan"))),"N/A") -> 6-11 bulan
A99: KRM00100 | B99: 46158 | C99: =TEXT(B99,"mmmm") -> May | D99: Fitriani Purnama | E99: 91401204733163 | F99: 28 | G99: Lakilaki | H99: Karyawan Swasta | I99: 5511000 | J99: =Raw_Data[[#This Row],[cicilan_per_bulan]]/Raw_Data[[#This Row],[penghasilan_bulanan]] -> 0.13792415 | K99: Tangerang | L99: Banten | M99: Honda | N99: Vario 125 | O99: Matic Mid | P99: 25659000 | Q99: 2566000 | R99: =IF(Raw_Data[[#This Row],[persen_dp]]<15%,"Low",IF(Raw_Data[[#This Row],[persen_dp]]>25%,"High","Medium")) -> Low | S99: 0.1 | T99: 48 | U99: 0.145 | V99: 760100 | W99: 36486000 | X99: =IF(OR(Raw_Data[[#This Row],[status_pembayaran]]="Macet",Raw_Data[[#This Row],[status_pembayaran]]="Kurang Lancar"),"Non Performing Loan","Performing") -> Performing | Y99: Lancar | Z99: 0 | AA99: 0 | AB99: 1 | AD99: =IF(Raw_Data[[#This Row],[rasio]]<0.2,1,IF(Raw_Data[[#This Row],[rasio]]<0.3,2,IF(Raw_Data[[#This Row],[rasio]]<0.4,3,4))) -> 1 | AE99: =IF(Raw_Data[[#This Row],[kategori_dp]]="High",1,IF(Raw_Data[[#This Row],[kategori_dp]]="Medium",2,3)) -> 3 | AF99: =IF(Raw_Data[[#This Row],[tenor_bulan]]<=24,1,IF(Raw_Data[[#This Row],[tenor_bulan]]<=36,2,IF(Raw_Data[[#This Row],[tenor_bulan]]<=48,3,4))) -> 3 | AG99: =IF(Raw_Data[[#This Row],[jumlah_kali_telat]]=0,0,IF(Raw_Data[[#This Row],[jumlah_kali_telat]]<=2,2,4)) -> 0 | AH99: =Raw_Data[[#This Row],[Skor_Rasio]]+Raw_Data[[#This Row],[Skor_DP]]+Raw_Data[[#This Row],[Skor_Tenor]]+Raw_Data[[#This Row],[Skor_Telat]] -> 7 | AI99: =IF(Raw_Data[[#This Row],[Risk_Score]]<=6,"Low Risk",IF(Raw_Data[[#This Row],[Risk_Score]]<=8,"Medium Risk","High Risk")) -> Medium Risk | AJ99: =IFERROR(DATEDIF(Raw_Data[[#This Row],[tanggal_pengajuan]],TODAY(),"m"),"N/A") -> 5 | AK99: =IF(ISNUMBER(Raw_Data[[#This Row],[MOB]]),IF(Raw_Data[[#This Row],[MOB]]<6,"0-5 bulan",IF(Raw_Data[[#This Row],[MOB]]<12,"6-11 bulan",IF(Raw_Data[[#This Row],[MOB]]<24,"12-23 bulan","24+ bulan"))),"N/A") -> 0-5 bulan
A100: KRM00101 | B100: 46075 | C100: =TEXT(B100,"mmmm") -> February | D100: Agus Susanti | E100: 69012507525736 | F100: 21 | G100: Perempuan | H100: Freelancer | I100: 7430000 | J100: =Raw_Data[[#This Row],[cicilan_per_bulan]]/Raw_Data[[#This Row],[penghasilan_bulanan]] -> 0.12656797 | K100: Denpasar | L100: Bali | M100: Honda | N100: ADV 160 | O100: Adventure | P100: 43611000 | Q100: 10903000 | R100: =IF(Raw_Data[[#This Row],[persen_dp]]<15%,"Low",IF(Raw_Data[[#This Row],[persen_dp]]>25%,"High","Medium")) -> Medium | S100: 0.25 | T100: 60 | U100: 0.145 | V100: 940400 | W100: 56422000 | X100: =IF(OR(Raw_Data[[#This Row],[status_pembayaran]]="Macet",Raw_Data[[#This Row],[status_pembayaran]]="Kurang Lancar"),"Non Performing Loan","Performing") -> Performing | Y100: Lancar | Z100: 0 | AA100: 0 | AB100: 1 | AD100: =IF(Raw_Data[[#This Row],[rasio]]<0.2,1,IF(Raw_Data[[#This Row],[rasio]]<0.3,2,IF(Raw_Data[[#This Row],[rasio]]<0.4,3,4))) -> 1 | AE100: =IF(Raw_Data[[#This Row],[kategori_dp]]="High",1,IF(Raw_Data[[#This Row],[kategori_dp]]="Medium",2,3)) -> 2 | AF100: =IF(Raw_Data[[#This Row],[tenor_bulan]]<=24,1,IF(Raw_Data[[#This Row],[tenor_bulan]]<=36,2,IF(Raw_Data[[#This Row],[tenor_bulan]]<=48,3,4))) -> 4 | AG100: =IF(Raw_Data[[#This Row],[jumlah_kali_telat]]=0,0,IF(Raw_Data[[#This Row],[jumlah_kali_telat]]<=2,2,4)) -> 0 | AH100: =Raw_Data[[#This Row],[Skor_Rasio]]+Raw_Data[[#This Row],[Skor_DP]]+Raw_Data[[#This Row],[Skor_Tenor]]+Raw_Data[[#This Row],[Skor_Telat]] -> 7 | AI100: =IF(Raw_Data[[#This Row],[Risk_Score]]<=6,"Low Risk",IF(Raw_Data[[#This Row],[Risk_Score]]<=8,"Medium Risk","High Risk")) -> Medium Risk | AJ100: =IFERROR(DATEDIF(Raw_Data[[#This Row],[tanggal_pengajuan]],TODAY(),"m"),"N/A") -> 8 | AK100: =IF(ISNUMBER(Raw_Data[[#This Row],[MOB]]),IF(Raw_Data[[#This Row],[MOB]]<6,"0-5 bulan",IF(Raw_Data[[#This Row],[MOB]]<12,"6-11 bulan",IF(Raw_Data[[#This Row],[MOB]]<24,"12-23 bulan","24+ bulan"))),"N/A") -> 6-11 bulan
...

Sheet DP_VS_NPL
A2: %DP | B2: Total Debitur | C2: Jumlah Macet | D2: % Macet (NPL)
A3: 0.1 | B3: =COUNTIF(Raw_Data[persen_dp],DP_VS_NPL!A3) -> 468 | C3: =COUNTIFS(Raw_Data[persen_dp],DP_VS_NPL!A3,Raw_Data[status_pembayaran],"Macet") -> 5 | D3: =C3/B3 -> 0.010683761
A4: 0.15 | B4: =COUNTIF(Raw_Data[persen_dp],DP_VS_NPL!A4) -> 418 | C4: =COUNTIFS(Raw_Data[persen_dp],DP_VS_NPL!A4,Raw_Data[status_pembayaran],"Macet") -> 3 | D4: =C4/B4 -> 0.0071770335
A5: 0.2 | B5: =COUNTIF(Raw_Data[persen_dp],DP_VS_NPL!A5) -> 405 | C5: =COUNTIFS(Raw_Data[persen_dp],DP_VS_NPL!A5,Raw_Data[status_pembayaran],"Macet") -> 3 | D5: =C5/B5 -> 0.0074074074
A6: 0.25 | B6: =COUNTIF(Raw_Data[persen_dp],DP_VS_NPL!A6) -> 417 | C6: =COUNTIFS(Raw_Data[persen_dp],DP_VS_NPL!A6,Raw_Data[status_pembayaran],"Macet") -> 4 | D6: =C6/B6 -> 0.0095923261
A7: 0.3 | B7: =COUNTIF(Raw_Data[persen_dp],DP_VS_NPL!A7) -> 408 | C7: =COUNTIFS(Raw_Data[persen_dp],DP_VS_NPL!A7,Raw_Data[status_pembayaran],"Macet") -> 7 | D7: =C7/B7 -> 0.017156863
A8: 0.35 | B8: =COUNTIF(Raw_Data[persen_dp],DP_VS_NPL!A8) -> 429 | C8: =COUNTIFS(Raw_Data[persen_dp],DP_VS_NPL!A8,Raw_Data[status_pembayaran],"Macet") -> 4 | D8: =C8/B8 -> 0.0093240093
A9: 0.4 | B9: =COUNTIF(Raw_Data[persen_dp],DP_VS_NPL!A9) -> 404 | C9: =COUNTIFS(Raw_Data[persen_dp],DP_VS_NPL!A9,Raw_Data[status_pembayaran],"Macet") -> 4 | D9: =C9/B9 -> 0.0099009901

Sheet Exposure_Analysis
B3: Values
A4: Row Labels | B4: Sum of total_kewajiban2 | C4: Sum of total_kewajiban
A5: Non Performing Loan | B5: 2355748000 | C5: 2355748000
A6: Performing | B6: 89157059000 | C6: 89157059000
A7: Grand Total | B7: 91512807000 | C7: 91512807000
A9: KPI COMPARISON — COUNT-BASED vs EXPOSURE-BASED NPL
A11: Metric | B11: Value | C11: Keterangan
A12: % Akun NPL (jumlah kontrak) | B12: =COUNTIF(Raw_Data[non_performing_loan],"Non Performing Loan")/COUNTA(Raw_Data[no_kontrak]) -> 0.024415056 | C12: 72 dari 2.949 kontrak
A13: % Exposure NPL (Rp total_kewajiban) | B13: =SUMIF(Raw_Data[non_performing_loan],"Non Performing Loan",Raw_Data[total_kewajiban])/SUM(Raw_Data[total_kewajiban]) -> 0.025742277 | C13: berbobot nilai rupiah, bukan jumlah akun
A14: Gap (Exposure − Akun) | B14: =B13-B12 -> 0.0013272208 | C14: positif = akun NPL cenderung bernilai lebih besar dari rata-rata
A16: EXPOSURE-WEIGHTED NPL PER KOTA
A18: Kota | B18: Jml Kontrak | C18: Jml Kontrak NPL | D18: % Akun NPL | E18: Total Kewajiban (Rp) | F18: Kewajiban NPL (Rp) | G18: % Exposure NPL | H18: Gap (Exp−Akun)
A19: Denpasar | B19: =COUNTIF(Raw_Data[kota],$A19) -> 148 | C19: =COUNTIFS(Raw_Data[kota],$A19,Raw_Data[non_performing_loan],"Non Performing Loan") -> 4 | D19: =C19/B19 -> 0.027027027 | E19: =SUMIF(Raw_Data[kota],$A19,Raw_Data[total_kewajiban]) -> 4534851000 | F19: =SUMIFS(Raw_Data[total_kewajiban],Raw_Data[kota],$A19,Raw_Data[non_performing_loan],"Non Performing Loan") -> 141368000 | G19: =F19/E19 -> 0.031173681 | H19: =G19-D19 -> 0.0041466543
A20: Palembang | B20: =COUNTIF(Raw_Data[kota],$A20) -> 131 | C20: =COUNTIFS(Raw_Data[kota],$A20,Raw_Data[non_performing_loan],"Non Performing Loan") -> 7 | D20: =C20/B20 -> 0.053435115 | E20: =SUMIF(Raw_Data[kota],$A20,Raw_Data[total_kewajiban]) -> 4070367000 | F20: =SUMIFS(Raw_Data[total_kewajiban],Raw_Data[kota],$A20,Raw_Data[non_performing_loan],"Non Performing Loan") -> 212300000 | G20: =F20/E20 -> 0.052157459 | H20: =G20-D20 -> -0.0012776555
A21: Pekanbaru | B21: =COUNTIF(Raw_Data[kota],$A21) -> 131 | C21: =COUNTIFS(Raw_Data[kota],$A21,Raw_Data[non_performing_loan],"Non Performing Loan") -> 2 | D21: =C21/B21 -> 0.015267176 | E21: =SUMIF(Raw_Data[kota],$A21,Raw_Data[total_kewajiban]) -> 3843635000 | F21: =SUMIFS(Raw_Data[total_kewajiban],Raw_Data[kota],$A21,Raw_Data[non_performing_loan],"Non Performing Loan") -> 54872000 | G21: =F21/E21 -> 0.014276069 | H21: =G21-D21 -> -0.00099110617
A22: Makassar | B22: =COUNTIF(Raw_Data[kota],$A22) -> 164 | C22: =COUNTIFS(Raw_Data[kota],$A22,Raw_Data[non_performing_loan],"Non Performing Loan") -> 4 | D22: =C22/B22 -> 0.024390244 | E22: =SUMIF(Raw_Data[kota],$A22,Raw_Data[total_kewajiban]) -> 4943820000 | F22: =SUMIFS(Raw_Data[total_kewajiban],Raw_Data[kota],$A22,Raw_Data[non_performing_loan],"Non Performing Loan") -> 122195000 | G22: =F22/E22 -> 0.024716717 | H22: =G22-D22 -> 0.00032647313
A23: Banjarmasin | B23: =COUNTIF(Raw_Data[kota],$A23) -> 148 | C23: =COUNTIFS(Raw_Data[kota],$A23,Raw_Data[non_performing_loan],"Non Performing Loan") -> 7 | D23: =C23/B23 -> 0.047297297 | E23: =SUMIF(Raw_Data[kota],$A23,Raw_Data[total_kewajiban]) -> 4622535000 | F23: =SUMIFS(Raw_Data[total_kewajiban],Raw_Data[kota],$A23,Raw_Data[non_performing_loan],"Non Performing Loan") -> 221624000 | G23: =F23/E23 -> 0.047944256 | H23: =G23-D23 -> 0.0006469584
A24: Balikpapan | B24: =COUNTIF(Raw_Data[kota],$A24) -> 130 | C24: =COUNTIFS(Raw_Data[kota],$A24,Raw_Data[non_performing_loan],"Non Performing Loan") -> 4 | D24: =C24/B24 -> 0.030769231 | E24: =SUMIF(Raw_Data[kota],$A24,Raw_Data[total_kewajiban]) -> 3935461000 | F24: =SUMIFS(Raw_Data[total_kewajiban],Raw_Data[kota],$A24,Raw_Data[non_performing_loan],"Non Performing Loan") -> 148397000 | G24: =F24/E24 -> 0.037707654 | H24: =G24-D24 -> 0.0069384228
A25: Yogyakarta | B25: =COUNTIF(Raw_Data[kota],$A25) -> 160 | C25: =COUNTIFS(Raw_Data[kota],$A25,Raw_Data[non_performing_loan],"Non Performing Loan") -> 8 | D25: =C25/B25 -> 0.05 | E25: =SUMIF(Raw_Data[kota],$A25,Raw_Data[total_kewajiban]) -> 5040380000 | F25: =SUMIFS(Raw_Data[total_kewajiban],Raw_Data[kota],$A25,Raw_Data[non_performing_loan],"Non Performing Loan") -> 228040000 | G25: =F25/E25 -> 0.045242621 | H25: =G25-D25 -> -0.0047573794
A26: Depok | B26: =COUNTIF(Raw_Data[kota],$A26) -> 141 | C26: =COUNTIFS(Raw_Data[kota],$A26,Raw_Data[non_performing_loan],"Non Performing Loan") -> 2 | D26: =C26/B26 -> 0.014184397 | E26: =SUMIF(Raw_Data[kota],$A26,Raw_Data[total_kewajiban]) -> 4402868000 | F26: =SUMIFS(Raw_Data[total_kewajiban],Raw_Data[kota],$A26,Raw_Data[non_performing_loan],"Non Performing Loan") -> 55110000 | G26: =F26/E26 -> 0.012516841 | H26: =G26-D26 -> -0.0016675559
A27: Tangerang | B27: =COUNTIF(Raw_Data[kota],$A27) -> 135 | C27: =COUNTIFS(Raw_Data[kota],$A27,Raw_Data[non_performing_loan],"Non Performing Loan") -> 2 | D27: =C27/B27 -> 0.014814815 | E27: =SUMIF(Raw_Data[kota],$A27,Raw_Data[total_kewajiban]) -> 4387495000 | F27: =SUMIFS(Raw_Data[total_kewajiban],Raw_Data[kota],$A27,Raw_Data[non_performing_loan],"Non Performing Loan") -> 109694000 | G27: =F27/E27 -> 0.02500151 | H27: =G27-D27 -> 0.010186695
A28: Semarang | B28: =COUNTIF(Raw_Data[kota],$A28) -> 151 | C28: =COUNTIFS(Raw_Data[kota],$A28,Raw_Data[non_performing_loan],"Non Performing Loan") -> 1 | D28: =C28/B28 -> 0.0066225166 | E28: =SUMIF(Raw_Data[kota],$A28,Raw_Data[total_kewajiban]) -> 4519372000 | F28: =SUMIFS(Raw_Data[total_kewajiban],Raw_Data[kota],$A28,Raw_Data[non_performing_loan],"Non Performing Loan") -> 67075000 | G28: =F28/E28 -> 0.014841664 | H28: =G28-D28 -> 0.0082191473
A29: Malang | B29: =COUNTIF(Raw_Data[kota],$A29) -> 138 | C29: =COUNTIFS(Raw_Data[kota],$A29,Raw_Data[non_performing_loan],"Non Performing Loan") -> 4 | D29: =C29/B29 -> 0.028985507 | E29: =SUMIF(Raw_Data[kota],$A29,Raw_Data[total_kewajiban]) -> 4305171000 | F29: =SUMIFS(Raw_Data[total_kewajiban],Raw_Data[kota],$A29,Raw_Data[non_performing_loan],"Non Performing Loan") -> 106220000 | G29: =F29/E29 -> 0.024672655 | H29: =G29-D29 -> -0.004312852
A30: Medan | B30: =COUNTIF(Raw_Data[kota],$A30) -> 146 | C30: =COUNTIFS(Raw_Data[kota],$A30,Raw_Data[non_performing_loan],"Non Performing Loan") -> 6 | D30: =C30/B30 -> 0.04109589 | E30: =SUMIF(Raw_Data[kota],$A30,Raw_Data[total_kewajiban]) -> 4593532000 | F30: =SUMIFS(Raw_Data[total_kewajiban],Raw_Data[kota],$A30,Raw_Data[non_performing_loan],"Non Performing Loan") -> 175212000 | G30: =F30/E30 -> 0.038143198 | H30: =G30-D30 -> -0.0029526925
